ベンダ,GRAPHTEC Corporation
モデル,GL240
ファームウェア,Ver1.54
ソフトウェア, "Ver1.25"
最大CH数,10CH
GS開始CH
WL開始CH,10CH
測定間隔,10min
測定点数,836         
トリガ点,0           
開始時刻,2025-11-26,16:41:58
終了時刻,2025-12-02,11:52:07
トリガ時刻,2025-11-26,16:42:07
AC Mode, AC1_2, AC1_2
Logic/Pulse,Off,Off
アンプ設定
CH,信号名,アンプ,入力,レンジ,温度レンジ,フィルタ,スパン,,単位
CH1,CH 1,M,DC,1-5V,,20,80.000000,-20.000000,ﾟC
CH2,CH 2,M,DC,1-5V,,20,100.000000,0.000000,%
CH3,CH 3,M,DC,2V,,20,40.000000,-60.000000,ﾟC
CH4,CH 4,M,DC,2V,,20,50.000000,-50.000000,%
CH5,CH 5,M,DC,100mV,,20,1250.000000,-1250.000000,W/m2
CH6,CH 6,M,DC,100V,,20,50.000000,-50.000000,V
CH7,CH 7,M,DC,100V,,20,50.000000,-50.000000,V
CH8,CH 8,M,DC,100V,,20,50.000000,-50.000000,V
CH9,CH 9,M,DC,100V,,20,50.000000,-50.000000,V
CH10,CH10,M,DC,100V,,20,70.000000,-30.000000,V
測定値
番号,日付 時間,ms,CH1,CH2,CH3,CH4,CH5,CH6,CH7,CH8,CH9,CH10,Alarm1,AlarmOut
NO.,Time,ms,ﾟC,%,ﾟC,%,W/m2,V,V,V,V,V,A1234567890,A123456789
1,2025-11-26 16:42:07,000,+17.100,+64.275,+18.950,+21.310,+0.6,-0.01,+0.00,-0.01,+0.00,-0.01,LLLLLLLLLL,LLLLL
2,2025-11-26 16:52:07,000,+16.731,+64.538,+18.875,+21.300,+0.2,+0.00,+0.00,+0.00,+0.00,+0.00,LLLLLLLLLL,LLLLL
3,2025-11-26 17:02:07,000,+16.350,+64.812,+18.750,+21.300,+0.1,+0.01,+0.01,+0.01,+0.01,+0.01,LLLLLLLLLL,LLLLL
4,2025-11-26 17:12:07,000,+15.931,+64.994,+18.670,+21.300,+0.1,+0.00,+0.00,+0.00,+0.00,+0.01,LLLLLLLLLL,LLLLL
5,2025-11-26 17:22:07,000,+15.475,+65.156,+18.545,+21.290,+0.0,+0.00,-0.01,-0.01,-0.01,-0.01,LLLLLLLLLL,LLLLL
6,2025-11-26 17:32:07,000,+15.088,+65.356,+18.385,+21.280,+0.1,+0.00,+0.00,+0.00,+0.00,+0.00,LLLLLLLLLL,LLLLL
7,2025-11-26 17:42:07,000,+14.675,+65.469,+18.305,+21.280,+0.0,+0.00,+0.00,-0.01,-0.01,+0.00,LLLLLLLLLL,LLLLL
8,2025-11-26 17:52:07,000,+14.400,+65.494,+18.220,+21.250,+0.2,+0.00,+0.00,+0.00,-0.01,-0.01,LLLLLLLLLL,LLLLL
9,2025-11-26 18:02:07,000,+14.100,+65.513,+18.100,+21.210,+0.0,+0.00,+0.00,+0.00,+0.00,+0.00,LLLLLLLLLL,LLLLL
10,2025-11-26 18:12:07,000,+13.863,+65.519,+17.940,+21.210,+0.1,-0.01,-0.01,-0.01,-0.01,-0.01,LLLLLLLLLL,LLLLL
11,2025-11-26 18:22:07,000,+13.687,+65.538,+17.825,+21.260,+0.1,+0.00,+0.00,+0.00,+0.00,+0.00,LLLLLLLLLL,LLLLL
12,2025-11-26 18:32:07,000,+13.519,+65.575,+17.695,+21.260,+0.0,-0.01,+0.00,+0.00,+0.00,+0.00,LLLLLLLLLL,LLLLL
13,2025-11-26 18:42:07,000,+13.294,+65.600,+17.530,+21.270,+0.1,+0.01,+0.01,+0.01,+0.01,+0.01,LLLLLLLLLL,LLLLL
14,2025-11-26 18:52:07,000,+13.075,+65.619,+17.425,+21.210,+0.0,-0.01,-0.01,-0.01,-0.01,-0.01,LLLLLLLLLL,LLLLL
15,2025-11-26 19:02:07,000,+12.831,+65.687,+17.275,+21.190,+0.1,+0.00,+0.00,+0.00,+0.00,+0.00,LLLLLLLLLL,LLLLL
16,2025-11-26 19:12:07,000,+12.537,+65.844,+17.125,+21.200,+0.2,+0.01,+0.00,+0.00,+0.00,+0.00,LLLLLLLLLL,LLLLL
17,2025-11-26 19:22:07,000,+12.300,+66.419,+17.010,+21.140,+0.2,-0.01,-0.01,-0.01,-0.01,-0.01,LLLLLLLLLL,LLLLL
18,2025-11-26 19:32:07,000,+12.106,+67.156,+16.885,+21.190,+0.1,+0.00,+0.00,+0.00,+0.01,+0.00,LLLLLLLLLL,LLLLL
19,2025-11-26 19:42:07,000,+11.956,+67.581,+16.765,+21.110,+0.0,-0.01,-0.01,-0.01,+0.00,+0.00,LLLLLLLLLL,LLLLL
20,2025-11-26 19:52:07,000,+11.719,+67.444,+16.605,+21.110,+0.0,+0.01,+0.01,+0.00,+0.01,+0.01,LLLLLLLLLL,LLLLL
21,2025-11-26 20:02:07,000,+11.425,+67.606,+16.440,+21.110,+0.1,+0.00,+0.00,+0.00,+0.00,-0.01,LLLLLLLLLL,LLLLL
22,2025-11-26 20:12:07,000,+11.212,+67.794,+16.290,+21.030,+0.1,+0.00,+0.00,+0.00,+0.00,+0.00,LLLLLLLLLL,LLLLL
23,2025-11-26 20:22:07,000,+11.050,+68.031,+16.185,+21.030,+0.1,+0.01,+0.01,+0.01,+0.01,+0.01,LLLLLLLLLL,LLLLL
24,2025-11-26 20:32:07,000,+10.894,+68.200,+16.040,+21.030,+0.1,+0.00,+0.00,+0.00,+0.00,+0.00,LLLLLLLLLL,LLLLL
25,2025-11-26 20:42:07,000,+10.694,+68.350,+15.885,+21.020,+0.1,+0.00,+0.00,+0.00,+0.00,+0.00,LLLLLLLLLL,LLLLL
26,2025-11-26 20:52:07,000,+10.519,+68.394,+15.780,+21.030,+0.1,+0.00,+0.00,+0.00,+0.00,+0.00,LLLLLLLLLL,LLLLL
27,2025-11-26 21:02:07,000,+10.244,+68.619,+15.635,+21.000,+0.1,+0.00,+0.00,+0.00,+0.00,+0.00,LLLLLLLLLL,LLLLL
28,2025-11-26 21:12:07,000,+10.131,+69.044,+15.510,+20.960,+0.1,-0.01,-0.01,-0.01,-0.01,-0.01,LLLLLLLLLL,LLLLL
29,2025-11-26 21:22:07,000,+9.981,+69.338,+15.380,+20.970,+0.0,+0.00,+0.00,+0.00,+0.00,+0.00,LLLLLLLLLL,LLLLL
30,2025-11-26 21:32:07,000,+9.875,+69.575,+15.235,+20.930,+0.1,+0.00,+0.00,+0.00,+0.00,+0.00,LLLLLLLLLL,LLLLL
31,2025-11-26 21:42:07,000,+9.700,+69.481,+15.135,+20.930,+0.1,+0.01,+0.00,+0.00,+0.00,+0.00,LLLLLLLLLL,LLLLL
32,2025-11-26 21:52:07,000,+9.456,+73.406,+14.990,+20.930,+0.0,+0.00,+0.00,+0.00,+0.00,+0.00,LLLLLLLLLL,LLLLL
33,2025-11-26 22:02:07,000,+9.263,+73.656,+14.865,+20.920,+0.1,+0.00,+0.00,+0.00,+0.00,+0.00,LLLLLLLLLL,LLLLL
34,2025-11-26 22:12:07,000,+9.112,+73.769,+14.745,+20.920,+0.1,+0.00,+0.01,+0.00,+0.00,+0.00,LLLLLLLLLL,LLLLL
35,2025-11-26 22:22:07,000,+8.987,+73.862,+14.610,+20.850,+0.0,+0.01,+0.01,+0.00,+0.00,+0.00,LLLLLLLLLL,LLLLL
36,2025-11-26 22:32:07,000,+8.869,+73.913,+14.505,+20.880,+0.1,+0.01,+0.00,+0.00,+0.00,+0.00,LLLLLLLLLL,LLLLL
37,2025-11-26 22:42:07,000,+8.744,+73.925,+14.365,+20.790,+0.1,+0.01,+0.01,+0.01,+0.01,+0.00,LLLLLLLLLL,LLLLL
38,2025-11-26 22:52:07,000,+8.562,+73.950,+14.225,+20.760,+0.1,+0.00,+0.00,+0.01,+0.00,+0.00,LLLLLLLLLL,LLLLL
39,2025-11-26 23:02:07,000,+8.406,+74.019,+14.105,+20.770,+0.0,-0.01,-0.01,-0.01,+0.00,-0.01,LLLLLLLLLL,LLLLL
40,2025-11-26 23:12:07,000,+8.263,+74.081,+13.980,+20.770,+0.0,+0.00,+0.00,-0.01,+0.00,-0.01,LLLLLLLLLL,LLLLL
41,2025-11-26 23:22:07,000,+8.187,+74.131,+13.855,+20.750,+0.1,-0.01,+0.00,-0.01,-0.01,-0.01,LLLLLLLLLL,LLLLL
42,2025-11-26 23:32:07,000,+8.075,+74.181,+13.735,+20.710,+0.0,-0.01,+0.00,-0.01,-0.01,+0.00,LLLLLLLLLL,LLLLL
43,2025-11-26 23:42:07,000,+8.031,+74.325,+13.615,+20.670,+0.0,+0.01,+0.01,+0.01,+0.01,+0.01,LLLLLLLLLL,LLLLL
44,2025-11-26 23:52:07,000,+7.962,+74.437,+13.500,+20.680,+0.1,+0.01,+0.01,+0.01,+0.00,+0.01,LLLLLLLLLL,LLLLL
45,2025-11-27 00:02:07,000,+7.919,+74.731,+13.380,+20.680,+0.0,+0.00,-0.01,+0.00,+0.00,+0.00,LLLLLLLLLL,LLLLL
46,2025-11-27 00:12:07,000,+7.875,+74.806,+13.305,+20.680,+0.0,+0.01,+0.00,+0.00,+0.01,+0.01,LLLLLLLLLL,LLLLL
47,2025-11-27 00:22:07,000,+7.794,+74.706,+13.175,+20.670,+0.0,-0.01,+0.00,+0.00,-0.01,+0.00,LLLLLLLLLL,LLLLL
48,2025-11-27 00:32:07,000,+7.663,+74.644,+13.105,+20.670,+0.1,+0.01,+0.01,+0.01,+0.01,+0.01,LLLLLLLLLL,LLLLL
49,2025-11-27 00:42:07,000,+7.475,+74.569,+12.955,+20.650,+0.1,+0.00,+0.00,+0.00,+0.00,+0.00,LLLLLLLLLL,LLLLL
50,2025-11-27 00:52:07,000,+7.338,+74.650,+12.855,+20.640,+0.1,+0.00,+0.00,+0.00,+0.00,+0.00,LLLLLLLLLL,LLLLL
51,2025-11-27 01:02:07,000,+7.231,+74.769,+12.735,+20.580,+0.1,+0.00,+0.00,+0.00,+0.00,+0.00,LLLLLLLLLL,LLLLL
52,2025-11-27 01:12:07,000,+7.125,+74.812,+12.655,+20.600,+0.0,+0.01,+0.01,+0.01,+0.01,+0.01,LLLLLLLLLL,LLLLL
53,2025-11-27 01:22:07,000,+7.013,+74.875,+12.535,+20.600,+0.1,+0.00,+0.00,+0.00,+0.00,+0.00,LLLLLLLLLL,LLLLL
54,2025-11-27 01:32:07,000,+6.919,+74.856,+12.450,+20.590,+0.0,+0.01,+0.01,+0.01,+0.01,+0.01,LLLLLLLLLL,LLLLL
55,2025-11-27 01:42:07,000,+6.831,+74.881,+12.320,+20.600,+0.1,+0.00,+0.00,+0.00,+0.00,+0.00,LLLLLLLLLL,LLLLL
56,2025-11-27 01:52:07,000,+6.700,+74.875,+12.230,+20.580,+0.1,+0.00,+0.00,+0.00,+0.00,+0.00,LLLLLLLLLL,LLLLL
57,2025-11-27 02:02:07,000,+6.606,+74.844,+12.090,+20.570,+0.1,+0.00,+0.00,+0.00,+0.00,+0.00,LLLLLLLLLL,LLLLL
58,2025-11-27 02:12:07,000,+6.494,+74.850,+12.005,+20.510,+0.1,+0.00,+0.00,+0.00,+0.00,+0.00,LLLLLLLLLL,LLLLL
59,2025-11-27 02:22:07,000,+6.431,+75.019,+11.885,+20.500,+0.1,+0.01,+0.01,+0.01,+0.01,+0.01,LLLLLLLLLL,LLLLL
60,2025-11-27 02:32:07,000,+6.406,+75.094,+11.805,+20.500,+0.0,+0.00,+0.00,+0.00,+0.00,+0.00,LLLLLLLLLL,LLLLL
61,2025-11-27 02:42:07,000,+6.369,+75.125,+11.695,+20.510,+0.0,+0.00,+0.00,+0.00,+0.00,+0.00,LLLLLLLLLL,LLLLL
62,2025-11-27 02:52:07,000,+6.331,+75.119,+11.635,+20.510,+0.0,+0.00,+0.00,+0.00,+0.00,+0.00,LLLLLLLLLL,LLLLL
63,2025-11-27 03:02:07,000,+6.313,+75.131,+11.525,+20.460,+0.1,-0.01,-0.01,-0.01,-0.01,-0.01,LLLLLLLLLL,LLLLL
64,2025-11-27 03:12:07,000,+6.269,+75.131,+11.450,+20.440,+0.1,+0.00,+0.00,+0.00,+0.00,+0.00,LLLLLLLLLL,LLLLL
65,2025-11-27 03:22:07,000,+6.244,+75.138,+11.370,+20.440,+0.0,-0.01,-0.01,-0.01,-0.01,-0.01,LLLLLLLLLL,LLLLL
66,2025-11-27 03:32:07,000,+6.187,+75.119,+11.250,+20.360,+0.1,-0.01,-0.01,-0.01,-0.01,-0.01,LLLLLLLLLL,LLLLL
67,2025-11-27 03:42:07,000,+6.138,+75.138,+11.200,+20.350,+0.1,+0.00,+0.00,+0.00,+0.00,+0.00,LLLLLLLLLL,LLLLL
68,2025-11-27 03:52:07,000,+6.144,+75.144,+11.080,+20.350,+0.1,+0.00,+0.00,+0.00,+0.00,+0.00,LLLLLLLLLL,LLLLL
69,2025-11-27 04:02:07,000,+6.131,+75.131,+11.020,+20.350,+0.1,+0.00,+0.00,+0.00,+0.00,+0.00,LLLLLLLLLL,LLLLL
70,2025-11-27 04:12:07,000,+6.131,+75.131,+10.960,+20.340,+0.1,+0.00,+0.00,+0.00,+0.00,+0.00,LLLLLLLLLL,LLLLL
71,2025-11-27 04:22:07,000,+6.138,+75.175,+10.865,+20.340,+0.0,+0.00,+0.00,+0.00,+0.00,+0.00,LLLLLLLLLL,LLLLL
72,2025-11-27 04:32:07,000,+6.138,+75.494,+10.805,+20.340,+0.0,-0.01,-0.01,-0.01,-0.01,-0.01,LLLLLLLLLL,LLLLL
73,2025-11-27 04:42:07,000,+6.225,+75.894,+10.765,+20.350,+0.0,+0.00,+0.00,+0.00,+0.00,+0.00,LLLLLLLLLL,LLLLL
74,2025-11-27 04:52:07,000,+6.356,+75.981,+10.705,+20.280,+0.1,+0.00,+0.00,+0.00,+0.00,+0.00,LLLLLLLLLL,LLLLL
75,2025-11-27 05:02:07,000,+6.431,+75.925,+10.685,+20.270,+0.1,+0.00,+0.00,+0.00,+0.00,+0.00,LLLLLLLLLL,LLLLL
76,2025-11-27 05:12:07,000,+6.469,+75.819,+10.650,+20.290,+0.0,+0.00,+0.00,+0.00,+0.00,+0.00,LLLLLLLLLL,LLLLL
77,2025-11-27 05:22:07,000,+6.462,+75.731,+10.610,+20.300,+0.1,+0.01,+0.01,+0.01,+0.01,+0.01,LLLLLLLLLL,LLLLL
78,2025-11-27 05:32:07,000,+6.469,+75.894,+10.565,+20.300,+0.0,+0.00,+0.00,+0.00,+0.00,+0.00,LLLLLLLLLL,LLLLL
79,2025-11-27 05:42:07,000,+6.525,+76.031,+10.485,+20.260,+0.1,+0.01,+0.01,+0.01,+0.01,+0.01,LLLLLLLLLL,LLLLL
80,2025-11-27 05:52:07,000,+6.619,+76.319,+10.480,+20.280,+0.0,+0.00,+0.00,+0.00,+0.00,+0.00,LLLLLLLLLL,LLLLL
81,2025-11-27 06:02:07,000,+6.769,+76.481,+10.445,+20.270,+0.1,+0.00,+0.00,+0.00,+0.00,+0.00,LLLLLLLLLL,LLLLL
82,2025-11-27 06:12:07,000,+6.906,+76.444,+10.455,+20.210,+0.2,+0.00,+0.00,+0.00,+0.00,+0.00,LLLLLLLLLL,LLLLL
83,2025-11-27 06:22:07,000,+6.969,+76.219,+10.440,+20.200,+0.4,+0.00,+0.00,+0.00,+0.00,+0.00,LLLLLLLLLL,LLLLL
84,2025-11-27 06:32:07,000,+7.000,+76.231,+10.410,+20.200,+1.2,+0.00,+0.00,+0.00,-0.01,+0.00,LLLLLLLLLL,LLLLL
85,2025-11-27 06:42:07,000,+7.062,+76.156,+10.385,+20.190,+3.8,+0.00,+0.00,+0.00,+0.00,-0.01,LLLLLLLLLL,LLLLL
86,2025-11-27 06:52:07,000,+7.100,+76.219,+10.370,+20.210,+8.8,+0.00,+0.00,+0.00,+0.00,-0.01,LLLLLLLLLL,LLLLL
87,2025-11-27 07:02:07,000,+7.325,+76.500,+10.415,+20.250,+16.6,+0.00,+0.00,+0.00,-0.01,-0.01,LLLLLLLLLL,LLLLL
88,2025-11-27 07:12:07,000,+7.750,+76.869,+10.465,+20.280,+11.2,+0.00,-0.01,+0.00,+0.00,-0.01,LLLLLLLLLL,LLLLL
89,2025-11-27 07:22:07,000,+8.112,+76.800,+10.500,+20.270,+21.4,+0.00,+0.01,+0.00,+0.00,+0.01,LLLLLLLLLL,LLLLL
90,2025-11-27 07:32:07,000,+8.469,+76.869,+10.585,+20.300,+27.0,+0.00,+0.00,+0.00,+0.00,+0.00,LLLLLLLLLL,LLLLL
91,2025-11-27 07:42:07,000,+8.900,+77.069,+10.660,+20.280,+14.4,+0.00,-0.01,-0.01,-0.01,+0.00,LLLLLLLLLL,LLLLL
92,2025-11-27 07:52:07,000,+9.319,+77.031,+10.710,+20.300,+28.8,+0.00,+0.00,+0.00,+0.00,+0.00,LLLLLLLLLL,LLLLL
93,2025-11-27 08:02:07,000,+9.775,+77.113,+10.835,+20.310,+26.2,+0.00,+0.00,+0.00,+0.00,+0.00,LLLLLLLLLL,LLLLL
94,2025-11-27 08:12:07,000,+10.325,+77.337,+10.915,+20.310,+28.4,+0.00,+0.00,+0.00,+0.00,+0.00,LLLLLLLLLL,LLLLL
95,2025-11-27 08:22:07,000,+10.856,+77.256,+11.055,+20.330,+34.4,+0.00,+0.00,+0.00,-0.01,+0.00,LLLLLLLLLL,LLLLL
96,2025-11-27 08:32:07,000,+11.406,+77.006,+11.210,+20.350,+41.8,-0.01,-0.01,-0.01,+0.00,+0.00,LLLLLLLLLL,LLLLL
97,2025-11-27 08:42:07,000,+12.137,+76.888,+11.435,+20.360,+50.8,+0.00,-0.01,-0.01,-0.01,+0.00,LLLLLLLLLL,LLLLL
98,2025-11-27 08:52:07,000,+13.325,+76.888,+11.805,+20.400,+69.1,+0.00,+0.00,+0.00,+0.00,+0.00,LLLLLLLLLL,LLLLL
99,2025-11-27 09:02:07,000,+15.062,+76.244,+12.335,+20.490,+68.2,+0.00,+0.00,-0.01,-0.01,+0.00,LLLLLLLLLL,LLLLL
100,2025-11-27 09:12:07,000,+17.006,+75.344,+12.855,+20.510,+70.8,+0.00,+0.00,+0.00,+0.00,+0.00,LLLLLLLLLL,LLLLL
101,2025-11-27 09:22:07,000,+18.950,+74.131,+13.345,+20.550,+73.1,+0.00,+0.00,+0.00,+0.00,+0.00,LLLLLLLLLL,LLLLL
102,2025-11-27 09:32:07,000,+20.869,+72.913,+13.820,+20.730,+73.5,+0.01,+0.01,+0.01,+0.01,+0.01,LLLLLLLLLL,LLLLL
103,2025-11-27 09:42:07,000,+22.638,+64.794,+14.220,+20.860,+76.0,-0.01,-0.01,-0.01,-0.01,-0.01,LLLLLLLLLL,LLLLL
104,2025-11-27 09:52:07,000,+24.144,+64.044,+14.615,+20.870,+72.1,+0.00,+0.00,+0.00,+0.00,+0.00,LLLLLLLLLL,LLLLL
105,2025-11-27 10:02:07,000,+25.531,+63.400,+14.950,+20.950,+70.1,+0.00,+0.00,+0.00,+0.00,+0.00,LLLLLLLLLL,LLLLL
106,2025-11-27 10:12:07,000,+26.831,+62.769,+15.295,+20.970,+76.5,+0.00,+0.00,+0.00,+0.00,+0.00,LLLLLLLLLL,LLLLL
107,2025-11-27 10:22:07,000,+27.794,+60.306,+15.650,+21.130,+84.1,-0.01,-0.01,+0.00,-0.01,-0.01,LLLLLLLLLL,LLLLL
108,2025-11-27 10:32:07,000,+28.025,+44.756,+15.780,+21.120,+84.1,-0.01,-0.01,+0.00,-0.01,-0.01,LLLLLLLLLL,LLLLL
109,2025-11-27 10:42:07,000,+27.575,+35.206,+15.850,+21.120,+85.5,+0.00,+0.00,+0.00,-0.01,+0.00,LLLLLLLLLL,LLLLL
110,2025-11-27 10:52:07,000,+26.737,+35.031,+15.890,+21.090,+89.5,+0.00,+0.00,+0.00,+0.00,+0.00,LLLLLLLLLL,LLLLL
111,2025-11-27 11:02:07,000,+24.781,+36.675,+15.920,+21.090,+93.4,+0.01,+0.00,+0.00,+0.00,+0.00,LLLLLLLLLL,LLLLL
112,2025-11-27 11:12:07,000,+24.350,+36.606,+16.040,+21.100,+83.9,+0.01,+0.01,+0.01,+0.01,+0.00,LLLLLLLLLL,LLLLL
113,2025-11-27 11:22:07,000,+24.375,+39.087,+16.130,+21.100,+86.0,+0.00,+0.00,+0.00,+0.00,+0.00,LLLLLLLLLL,LLLLL
114,2025-11-27 11:32:07,000,+24.112,+35.075,+16.270,+21.120,+66.1,+0.00,+0.00,+0.00,+0.00,+0.00,LLLLLLLLLL,LLLLL
115,2025-11-27 11:42:07,000,+24.062,+38.281,+16.330,+21.060,+55.0,+0.00,+0.00,+0.00,+0.00,+0.00,LLLLLLLLLL,LLLLL
116,2025-11-27 11:52:07,000,+23.650,+36.394,+16.425,+20.910,+64.1,+0.01,+0.00,+0.00,+0.00,+0.00,LLLLLLLLLL,LLLLL
117,2025-11-27 12:02:07,000,+21.838,+36.206,+16.435,+20.910,+50.3,+0.00,+0.00,+0.00,+0.01,+0.01,LLLLLLLLLL,LLLLL
118,2025-11-27 12:12:07,000,+20.912,+43.963,+16.455,+20.910,+62.4,+0.00,+0.00,+0.00,+0.00,+0.00,LLLLLLLLLL,LLLLL
119,2025-11-27 12:22:07,000,+20.937,+49.988,+16.625,+21.040,+65.4,+0.00,+0.00,+0.00,+0.00,+0.00,LLLLLLLLLL,LLLLL
120,2025-11-27 12:32:07,000,+21.256,+51.388,+16.880,+21.050,+63.3,+0.00,+0.00,+0.00,+0.00,+0.00,LLLLLLLLLL,LLLLL
121,2025-11-27 12:42:07,000,+21.937,+55.725,+17.160,+21.100,+70.1,+0.00,+0.00,+0.00,+0.00,+0.00,LLLLLLLLLL,LLLLL
122,2025-11-27 12:52:07,000,+22.744,+53.875,+17.455,+21.150,+55.0,+0.01,+0.01,+0.01,+0.01,+0.00,LLLLLLLLLL,LLLLL
123,2025-11-27 13:02:07,000,+23.394,+54.919,+17.680,+21.150,+51.9,-0.01,-0.01,+0.00,-0.01,-0.01,LLLLLLLLLL,LLLLL
124,2025-11-27 13:12:07,000,+23.937,+51.725,+17.880,+21.150,+119.6,+0.00,+0.00,+0.00,+0.00,+0.00,LLLLLLLLLL,LLLLL
125,2025-11-27 13:22:07,000,+24.675,+50.706,+18.140,+21.170,+38.2,+0.00,+0.00,+0.00,+0.00,+0.00,LLLLLLLLLL,LLLLL
126,2025-11-27 13:32:07,000,+25.187,+48.037,+18.355,+21.220,+62.3,+0.00,+0.00,+0.00,+0.00,+0.00,LLLLLLLLLL,LLLLL
127,2025-11-27 13:42:07,000,+25.437,+47.300,+18.520,+21.240,+63.3,+0.00,-0.01,+0.00,+0.00,+0.00,LLLLLLLLLL,LLLLL
128,2025-11-27 13:52:07,000,+25.562,+49.825,+18.655,+21.240,+64.2,+0.00,-0.01,+0.00,+0.00,+0.00,LLLLLLLLLL,LLLLL
129,2025-11-27 14:02:07,000,+25.394,+44.437,+18.800,+21.220,+33.0,+0.00,+0.00,-0.01,+0.00,-0.01,LLLLLLLLLL,LLLLL
130,2025-11-27 14:12:07,000,+24.312,+42.581,+18.810,+21.230,+23.2,-0.01,+0.00,+0.00,+0.00,+0.00,LLLLLLLLLL,LLLLL
131,2025-11-27 14:22:07,000,+23.038,+46.344,+18.785,+21.200,+20.8,+0.00,+0.00,+0.00,+0.00,+0.00,LLLLLLLLLL,LLLLL
132,2025-11-27 14:32:07,000,+22.056,+50.888,+18.775,+21.200,+27.0,+0.00,+0.00,+0.00,+0.00,+0.00,LLLLLLLLLL,LLLLL
133,2025-11-27 14:42:07,000,+21.338,+56.581,+18.765,+21.200,+27.8,+0.00,+0.00,+0.00,+0.00,+0.01,LLLLLLLLLL,LLLLL
134,2025-11-27 14:52:07,000,+20.800,+60.944,+18.780,+21.200,+14.3,+0.00,+0.00,-0.01,+0.00,-0.01,LLLLLLLLLL,LLLLL
135,2025-11-27 15:02:07,000,+20.306,+62.737,+18.775,+21.170,+7.8,+0.01,+0.01,+0.01,+0.01,+0.01,LLLLLLLLLL,LLLLL
136,2025-11-27 15:12:07,000,+19.819,+63.706,+18.755,+21.190,+4.8,+0.00,+0.00,+0.00,+0.00,+0.00,LLLLLLLLLL,LLLLL
137,2025-11-27 15:22:07,000,+19.319,+64.181,+18.710,+21.520,+3.4,+0.00,+0.00,+0.00,+0.00,+0.00,LLLLLLLLLL,LLLLL
138,2025-11-27 15:32:07,000,+18.844,+64.538,+18.695,+21.490,+5.9,+0.00,+0.00,+0.00,+0.00,+0.00,LLLLLLLLLL,LLLLL
139,2025-11-27 15:42:07,000,+18.356,+64.844,+18.665,+21.450,+4.2,+0.00,+0.01,+0.00,+0.01,+0.00,LLLLLLLLLL,LLLLL
140,2025-11-27 15:52:07,000,+17.913,+65.044,+18.595,+21.450,+1.6,-0.01,+0.00,+0.00,-0.01,+0.00,LLLLLLLLLL,LLLLL
141,2025-11-27 16:02:07,000,+17.487,+65.175,+18.580,+21.450,+1.6,+0.01,+0.01,+0.01,+0.01,+0.01,LLLLLLLLLL,LLLLL
142,2025-11-27 16:12:07,000,+17.119,+65.250,+18.540,+21.440,+0.8,+0.00,+0.00,+0.00,+0.00,+0.00,LLLLLLLLLL,LLLLL
143,2025-11-27 16:22:07,000,+16.788,+65.275,+18.495,+21.440,+0.4,+0.00,+0.00,+0.00,+0.00,+0.00,LLLLLLLLLL,LLLLL
144,2025-11-27 16:32:07,000,+16.525,+65.419,+18.460,+21.380,+0.2,+0.00,+0.00,+0.00,+0.00,+0.00,LLLLLLLLLL,LLLLL
145,2025-11-27 16:42:07,000,+16.269,+65.944,+18.455,+21.380,+0.1,+0.00,+0.00,+0.00,+0.00,+0.00,LLLLLLLLLL,LLLLL
146,2025-11-27 16:52:07,000,+16.075,+66.394,+18.370,+21.270,+0.0,+0.00,+0.00,+0.00,+0.00,+0.00,LLLLLLLLLL,LLLLL
147,2025-11-27 17:02:07,000,+15.869,+66.787,+18.335,+21.290,+0.1,+0.00,+0.00,+0.00,+0.00,+0.00,LLLLLLLLLL,LLLLL
148,2025-11-27 17:12:07,000,+15.688,+67.200,+18.290,+21.270,+0.1,+0.00,+0.00,+0.00,+0.00,+0.00,LLLLLLLLLL,LLLLL
149,2025-11-27 17:22:07,000,+15.513,+67.594,+18.250,+21.270,+0.0,-0.01,-0.01,-0.01,-0.01,-0.01,LLLLLLLLLL,LLLLL
150,2025-11-27 17:32:07,000,+15.350,+67.944,+18.205,+21.270,+0.1,+0.01,+0.00,+0.00,+0.00,+0.00,LLLLLLLLLL,LLLLL
151,2025-11-27 17:42:07,000,+15.219,+68.212,+18.115,+21.260,+0.0,+0.00,+0.00,+0.00,+0.00,+0.00,LLLLLLLLLL,LLLLL
152,2025-11-27 17:52:07,000,+15.081,+68.469,+18.080,+21.220,+0.1,+0.00,+0.01,+0.01,+0.00,+0.00,LLLLLLLLLL,LLLLL
153,2025-11-27 18:02:07,000,+14.937,+68.713,+18.010,+21.200,+0.0,-0.01,-0.01,+0.00,-0.01,-0.01,LLLLLLLLLL,LLLLL
154,2025-11-27 18:12:07,000,+14.788,+68.831,+17.930,+21.220,+0.1,+0.00,-0.01,-0.01,-0.01,+0.00,LLLLLLLLLL,LLLLL
155,2025-11-27 18:22:07,000,+14.656,+68.944,+17.890,+21.210,+0.1,+0.00,+0.00,+0.00,-0.01,-0.01,LLLLLLLLLL,LLLLL
156,2025-11-27 18:32:07,000,+14.531,+68.963,+17.805,+21.190,+0.0,+0.00,+0.00,+0.01,+0.00,+0.01,LLLLLLLLLL,LLLLL
157,2025-11-27 18:42:07,000,+14.369,+69.138,+17.725,+21.170,+0.1,+0.01,+0.01,+0.00,+0.01,+0.01,LLLLLLLLLL,LLLLL
158,2025-11-27 18:52:07,000,+14.269,+69.400,+17.680,+21.180,+0.1,+0.00,+0.00,+0.00,-0.01,+0.00,LLLLLLLLLL,LLLLL
159,2025-11-27 19:02:07,000,+14.113,+69.225,+17.600,+21.170,+0.2,+0.00,+0.00,+0.00,-0.01,+0.00,LLLLLLLLLL,LLLLL
160,2025-11-27 19:12:07,000,+13.906,+68.838,+17.475,+21.170,+0.1,-0.01,+0.00,+0.00,-0.01,+0.00,LLLLLLLLLL,LLLLL
161,2025-11-27 19:22:07,000,+13.663,+68.606,+17.395,+21.160,+0.2,+0.00,+0.00,+0.00,+0.00,+0.00,LLLLLLLLLL,LLLLL
162,2025-11-27 19:32:07,000,+13.444,+68.644,+17.280,+21.160,+0.1,+0.00,+0.00,+0.00,+0.00,+0.00,LLLLLLLLLL,LLLLL
163,2025-11-27 19:42:07,000,+13.219,+68.831,+17.195,+21.150,+0.1,+0.00,+0.00,+0.00,+0.00,+0.00,LLLLLLLLLL,LLLLL
164,2025-11-27 19:52:07,000,+13.069,+69.006,+17.085,+21.150,+0.1,+0.00,+0.00,+0.00,+0.00,+0.00,LLLLLLLLLL,LLLLL
165,2025-11-27 20:02:07,000,+12.900,+68.856,+16.915,+21.150,+0.1,+0.00,+0.00,+0.00,+0.00,+0.00,LLLLLLLLLL,LLLLL
166,2025-11-27 20:12:07,000,+12.712,+68.831,+16.835,+21.120,+0.1,+0.00,+0.00,+0.00,+0.00,+0.00,LLLLLLLLLL,LLLLL
167,2025-11-27 20:22:07,000,+12.588,+69.562,+16.755,+21.080,+0.0,+0.00,+0.00,+0.00,+0.00,+0.00,LLLLLLLLLL,LLLLL
168,2025-11-27 20:32:07,000,+12.506,+70.537,+16.670,+21.090,+0.0,+0.01,+0.00,+0.00,+0.00,+0.00,LLLLLLLLLL,LLLLL
169,2025-11-27 20:42:07,000,+12.444,+74.288,+16.635,+21.090,+0.1,+0.00,+0.00,+0.00,+0.00,+0.00,LLLLLLLLLL,LLLLL
170,2025-11-27 20:52:07,000,+12.450,+74.519,+16.600,+21.060,+0.0,+0.00,+0.00,+0.00,+0.00,+0.00,LLLLLLLLLL,LLLLL
171,2025-11-27 21:02:07,000,+12.469,+74.581,+16.485,+21.060,+0.0,+0.01,+0.01,+0.01,+0.01,+0.01,LLLLLLLLLL,LLLLL
172,2025-11-27 21:12:07,000,+12.500,+74.681,+16.430,+21.060,+0.1,+0.00,+0.00,+0.00,+0.00,+0.00,LLLLLLLLLL,LLLLL
173,2025-11-27 21:22:07,000,+12.506,+74.644,+16.390,+21.010,+0.0,+0.00,+0.00,+0.00,+0.00,+0.00,LLLLLLLLLL,LLLLL
174,2025-11-27 21:32:07,000,+12.456,+74.625,+16.350,+21.020,+0.0,+0.00,+0.00,+0.00,+0.00,+0.00,LLLLLLLLLL,LLLLL
175,2025-11-27 21:42:07,000,+12.337,+74.656,+16.275,+21.010,+0.1,-0.01,-0.01,-0.01,-0.01,-0.01,LLLLLLLLLL,LLLLL
176,2025-11-27 21:52:07,000,+12.212,+74.650,+16.230,+21.010,+0.1,+0.00,+0.00,+0.00,+0.00,+0.00,LLLLLLLLLL,LLLLL
177,2025-11-27 22:02:07,000,+12.037,+74.562,+16.190,+21.010,+0.0,+0.00,+0.00,+0.00,+0.00,+0.00,LLLLLLLLLL,LLLLL
178,2025-11-27 22:12:07,000,+11.888,+74.594,+16.105,+21.030,+0.1,+0.00,+0.00,+0.00,+0.00,+0.00,LLLLLLLLLL,LLLLL
179,2025-11-27 22:22:07,000,+11.806,+74.650,+16.030,+21.030,+0.1,-0.01,-0.01,-0.01,-0.01,-0.01,LLLLLLLLLL,LLLLL
180,2025-11-27 22:32:07,000,+11.663,+74.669,+15.985,+21.000,+0.0,+0.00,+0.00,+0.00,+0.00,+0.00,LLLLLLLLLL,LLLLL
181,2025-11-27 22:42:07,000,+11.594,+74.819,+15.870,+21.000,+0.1,+0.00,+0.00,+0.00,+0.00,+0.00,LLLLLLLLLL,LLLLL
182,2025-11-27 22:52:07,000,+11.519,+75.006,+15.830,+20.980,+0.1,+0.00,+0.00,+0.00,+0.00,+0.00,LLLLLLLLLL,LLLLL
183,2025-11-27 23:02:07,000,+11.525,+75.250,+15.790,+20.970,+0.1,+0.00,+0.00,+0.00,+0.00,+0.00,LLLLLLLLLL,LLLLL
184,2025-11-27 23:12:07,000,+11.587,+75.375,+15.705,+21.010,+0.1,+0.01,+0.01,+0.01,+0.01,+0.01,LLLLLLLLLL,LLLLL
185,2025-11-27 23:22:07,000,+11.600,+75.481,+15.635,+20.950,+0.2,+0.00,+0.00,+0.00,+0.00,+0.00,LLLLLLLLLL,LLLLL
186,2025-11-27 23:32:07,000,+11.587,+75.562,+15.590,+20.920,+0.1,+0.00,+0.00,+0.00,+0.00,+0.00,LLLLLLLLLL,LLLLL
187,2025-11-27 23:42:07,000,+11.606,+75.562,+15.550,+20.930,+0.1,+0.00,+0.00,+0.00,+0.00,+0.00,LLLLLLLLLL,LLLLL
188,2025-11-27 23:52:07,000,+11.563,+75.444,+15.510,+20.930,+0.1,+0.00,+0.00,+0.00,+0.00,+0.00,LLLLLLLLLL,LLLLL
189,2025-11-28 00:02:07,000,+11.400,+75.312,+15.430,+20.920,+0.1,+0.00,+0.00,+0.00,+0.00,+0.00,LLLLLLLLLL,LLLLL
190,2025-11-28 00:12:07,000,+11.288,+75.406,+15.390,+20.910,+0.0,+0.00,+0.00,+0.00,+0.00,+0.00,LLLLLLLLLL,LLLLL
191,2025-11-28 00:22:07,000,+11.244,+75.575,+15.340,+20.880,+0.1,+0.00,+0.00,+0.00,+0.00,+0.00,LLLLLLLLLL,LLLLL
192,2025-11-28 00:32:07,000,+11.294,+75.706,+15.300,+20.840,+0.1,-0.01,-0.01,-0.01,-0.01,-0.01,LLLLLLLLLL,LLLLL
193,2025-11-28 00:42:07,000,+11.331,+75.788,+15.230,+20.860,+0.1,+0.00,+0.00,+0.00,+0.00,+0.00,LLLLLLLLLL,LLLLL
194,2025-11-28 00:52:07,000,+11.306,+75.700,+15.185,+20.770,+0.1,+0.00,+0.00,+0.00,+0.00,+0.00,LLLLLLLLLL,LLLLL
195,2025-11-28 01:02:07,000,+11.125,+75.500,+15.150,+20.860,+0.1,+0.00,+0.00,+0.00,+0.00,+0.01,LLLLLLLLLL,LLLLL
196,2025-11-28 01:12:07,000,+10.956,+75.513,+15.105,+20.840,+0.1,+0.01,+0.00,+0.00,+0.00,+0.00,LLLLLLLLLL,LLLLL
197,2025-11-28 01:22:07,000,+10.844,+75.569,+15.010,+20.910,+0.1,+0.00,+0.00,+0.00,+0.00,+0.01,LLLLLLLLLL,LLLLL
198,2025-11-28 01:32:07,000,+10.781,+75.638,+14.970,+20.850,+0.0,+0.00,+0.00,+0.00,+0.00,+0.00,LLLLLLLLLL,LLLLL
199,2025-11-28 01:42:07,000,+10.719,+75.606,+14.900,+20.850,+0.1,+0.00,+0.00,+0.00,+0.00,+0.00,LLLLLLLLLL,LLLLL
200,2025-11-28 01:52:07,000,+10.581,+75.519,+14.820,+20.830,+0.1,+0.00,+0.01,+0.00,+0.00,+0.00,LLLLLLLLLL,LLLLL
201,2025-11-28 02:02:07,000,+10.450,+75.481,+14.780,+20.850,+0.0,+0.00,+0.00,+0.00,+0.00,+0.00,LLLLLLLLLL,LLLLL
202,2025-11-28 02:12:07,000,+10.363,+75.556,+14.705,+20.840,+0.0,+0.00,+0.00,+0.00,+0.01,+0.00,LLLLLLLLLL,LLLLL
203,2025-11-28 02:22:07,000,+10.350,+75.744,+14.625,+20.770,+0.1,+0.00,-0.01,-0.01,-0.01,-0.01,LLLLLLLLLL,LLLLL
204,2025-11-28 02:32:07,000,+10.375,+75.744,+14.585,+20.760,+0.0,-0.01,-0.01,+0.00,-0.01,+0.00,LLLLLLLLLL,LLLLL
205,2025-11-28 02:42:07,000,+10.244,+75.569,+14.540,+20.770,+0.0,+0.00,-0.01,-0.01,-0.01,-0.01,LLLLLLLLLL,LLLLL
206,2025-11-28 02:52:07,000,+10.150,+75.531,+14.420,+20.750,+0.0,+0.00,+0.00,+0.00,+0.00,+0.00,LLLLLLLLLL,LLLLL
207,2025-11-28 03:02:07,000,+10.044,+75.506,+14.385,+20.770,+0.1,+0.00,+0.01,+0.00,+0.00,+0.00,LLLLLLLLLL,LLLLL
208,2025-11-28 03:12:07,000,+9.931,+75.519,+14.335,+20.760,+0.0,+0.00,+0.01,+0.00,+0.00,+0.00,LLLLLLLLLL,LLLLL
209,2025-11-28 03:22:07,000,+9.825,+75.487,+14.225,+20.760,+0.1,+0.00,+0.00,+0.00,+0.01,+0.01,LLLLLLLLLL,LLLLL
210,2025-11-28 03:32:07,000,+9.712,+75.519,+14.180,+20.760,+0.1,-0.01,-0.01,-0.01,+0.00,-0.01,LLLLLLLLLL,LLLLL
211,2025-11-28 03:42:07,000,+9.700,+75.612,+14.125,+20.760,+0.0,+0.00,+0.00,+0.01,+0.01,+0.00,LLLLLLLLLL,LLLLL
212,2025-11-28 03:52:07,000,+9.644,+75.619,+14.060,+20.750,+0.0,+0.01,+0.00,+0.01,+0.00,+0.01,LLLLLLLLLL,LLLLL
213,2025-11-28 04:02:07,000,+9.594,+75.700,+13.980,+20.740,+0.0,+0.00,+0.00,+0.00,+0.00,+0.00,LLLLLLLLLL,LLLLL
214,2025-11-28 04:12:07,000,+9.556,+75.781,+13.940,+20.730,+0.0,+0.00,+0.00,+0.00,-0.01,-0.01,LLLLLLLLLL,LLLLL
215,2025-11-28 04:22:07,000,+9.494,+75.825,+13.875,+20.740,+0.0,+0.00,+0.00,+0.00,-0.01,+0.00,LLLLLLLLLL,LLLLL
216,2025-11-28 04:32:07,000,+9.481,+75.950,+13.780,+20.700,+0.0,+0.00,+0.00,-0.01,+0.00,+0.00,LLLLLLLLLL,LLLLL
217,2025-11-28 04:42:07,000,+9.475,+76.044,+13.735,+20.700,+0.0,+0.00,-0.01,+0.00,+0.00,-0.01,LLLLLLLLLL,LLLLL
218,2025-11-28 04:52:07,000,+9.500,+76.194,+13.705,+20.690,+0.0,+0.00,+0.00,-0.01,-0.01,+0.00,LLLLLLLLLL,LLLLL
219,2025-11-28 05:02:07,000,+9.550,+76.225,+13.660,+20.670,+0.0,+0.00,+0.00,-0.01,-0.01,+0.00,LLLLLLLLLL,LLLLL
220,2025-11-28 05:12:07,000,+9.406,+75.844,+13.580,+20.670,+0.0,+0.00,+0.00,+0.00,+0.00,-0.01,LLLLLLLLLL,LLLLL
221,2025-11-28 05:22:07,000,+9.163,+75.550,+13.540,+20.670,+0.1,-0.01,-0.01,+0.00,+0.00,+0.00,LLLLLLLLLL,LLLLL
222,2025-11-28 05:32:07,000,+8.919,+75.463,+13.455,+20.670,+0.0,+0.01,+0.00,+0.01,+0.00,+0.00,LLLLLLLLLL,LLLLL
223,2025-11-28 05:42:07,000,+8.719,+75.456,+13.375,+20.670,+0.0,+0.01,+0.00,+0.01,+0.00,+0.01,LLLLLLLLLL,LLLLL
224,2025-11-28 05:52:07,000,+8.587,+75.569,+13.295,+20.650,+0.0,+0.01,+0.00,+0.01,+0.01,+0.01,LLLLLLLLLL,LLLLL
225,2025-11-28 06:02:07,000,+8.494,+75.650,+13.255,+20.650,+0.1,-0.01,+0.00,+0.00,+0.00,+0.00,LLLLLLLLLL,LLLLL
226,2025-11-28 06:12:07,000,+8.400,+75.569,+13.135,+20.630,+0.1,+0.00,+0.00,+0.00,+0.00,+0.00,LLLLLLLLLL,LLLLL
227,2025-11-28 06:22:07,000,+8.300,+75.562,+13.085,+20.620,+0.4,+0.00,+0.00,+0.00,+0.00,+0.00,LLLLLLLLLL,LLLLL
228,2025-11-28 06:32:07,000,+8.225,+75.569,+12.970,+20.630,+1.0,+0.00,+0.00,+0.00,+0.00,+0.00,LLLLLLLLLL,LLLLL
229,2025-11-28 06:42:07,000,+8.112,+75.550,+12.930,+20.590,+2.2,+0.00,+0.00,+0.00,+0.00,+0.00,LLLLLLLLLL,LLLLL
230,2025-11-28 06:52:07,000,+8.125,+75.744,+12.855,+20.590,+9.5,-0.01,-0.01,-0.01,-0.01,-0.01,LLLLLLLLLL,LLLLL
231,2025-11-28 07:02:07,000,+8.462,+76.250,+12.865,+20.560,+18.5,+0.01,+0.01,+0.01,+0.01,+0.01,LLLLLLLLLL,LLLLL
232,2025-11-28 07:12:07,000,+9.087,+77.025,+12.905,+20.560,+24.4,+0.01,+0.01,+0.01,+0.01,+0.01,LLLLLLLLLL,LLLLL
233,2025-11-28 07:22:07,000,+9.912,+77.481,+12.965,+20.560,+28.6,-0.01,+0.00,+0.00,+0.00,+0.00,LLLLLLLLLL,LLLLL
234,2025-11-28 07:32:07,000,+10.856,+77.706,+13.125,+20.580,+32.1,+0.00,+0.00,+0.00,+0.00,+0.00,LLLLLLLLLL,LLLLL
235,2025-11-28 07:42:07,000,+11.894,+77.450,+13.265,+20.610,+35.2,+0.00,+0.00,+0.00,+0.00,+0.00,LLLLLLLLLL,LLLLL
236,2025-11-28 07:52:07,000,+13.056,+76.706,+13.450,+20.650,+38.6,+0.00,+0.00,+0.00,+0.00,+0.00,LLLLLLLLLL,LLLLL
237,2025-11-28 08:02:07,000,+14.325,+75.812,+13.680,+20.670,+42.2,+0.00,+0.00,+0.01,+0.00,+0.01,LLLLLLLLLL,LLLLL
238,2025-11-28 08:12:07,000,+15.662,+74.662,+13.945,+20.700,+45.1,+0.00,+0.00,+0.00,+0.00,+0.00,LLLLLLLLLL,LLLLL
239,2025-11-28 08:22:07,000,+17.100,+73.794,+14.280,+20.740,+49.0,+0.00,-0.01,-0.01,+0.00,-0.01,LLLLLLLLLL,LLLLL
240,2025-11-28 08:32:07,000,+18.519,+72.513,+14.775,+20.820,+53.9,+0.00,+0.00,+0.00,+0.00,+0.00,LLLLLLLLLL,LLLLL
241,2025-11-28 08:42:07,000,+19.838,+65.069,+15.145,+20.840,+63.0,+0.00,-0.01,+0.00,-0.01,-0.01,LLLLLLLLLL,LLLLL
242,2025-11-28 08:52:07,000,+20.600,+62.950,+15.420,+20.830,+64.9,+0.00,+0.00,+0.00,+0.00,+0.01,LLLLLLLLLL,LLLLL
243,2025-11-28 09:02:07,000,+20.981,+57.631,+15.645,+20.900,+67.2,+0.00,+0.00,+0.00,+0.00,+0.00,LLLLLLLLLL,LLLLL
244,2025-11-28 09:12:07,000,+21.062,+56.937,+15.885,+20.910,+69.4,-0.01,+0.00,-0.01,-0.01,-0.01,LLLLLLLLLL,LLLLL
245,2025-11-28 09:22:07,000,+21.731,+57.481,+16.245,+20.920,+72.8,-0.01,-0.01,-0.01,-0.01,+0.00,LLLLLLLLLL,LLLLL
246,2025-11-28 09:32:07,000,+22.469,+50.025,+16.545,+21.050,+74.1,-0.01,-0.01,-0.01,-0.01,-0.01,LLLLLLLLLL,LLLLL
247,2025-11-28 09:42:07,000,+22.663,+47.531,+16.735,+21.150,+74.1,-0.01,-0.01,-0.01,-0.01,-0.01,LLLLLLLLLL,LLLLL
248,2025-11-28 09:52:07,000,+23.006,+48.975,+16.915,+21.230,+71.0,-0.01,-0.01,-0.01,-0.01,-0.01,LLLLLLLLLL,LLLLL
249,2025-11-28 10:02:07,000,+23.544,+52.050,+17.115,+21.250,+67.2,+0.00,+0.00,+0.00,+0.00,+0.00,LLLLLLLLLL,LLLLL
250,2025-11-28 10:12:07,000,+24.294,+48.469,+17.295,+21.270,+75.2,+0.00,+0.00,+0.00,+0.00,+0.00,LLLLLLLLLL,LLLLL
251,2025-11-28 10:22:07,000,+24.944,+38.462,+17.480,+21.270,+83.0,+0.00,+0.00,+0.00,+0.00,+0.00,LLLLLLLLLL,LLLLL
252,2025-11-28 10:32:07,000,+25.481,+35.106,+17.640,+21.350,+86.0,+0.00,+0.00,+0.00,+0.00,+0.00,LLLLLLLLLL,LLLLL
253,2025-11-28 10:42:07,000,+25.831,+29.325,+17.815,+21.330,+85.1,+0.00,+0.00,+0.00,+0.00,+0.00,LLLLLLLLLL,LLLLL
254,2025-11-28 10:52:07,000,+26.187,+31.031,+17.990,+21.300,+87.6,+0.01,+0.01,+0.01,+0.01,+0.01,LLLLLLLLLL,LLLLL
255,2025-11-28 11:02:07,000,+22.338,+41.400,+18.100,+21.100,+89.0,+0.00,+0.00,+0.00,+0.00,+0.00,LLLLLLLLLL,LLLLL
256,2025-11-28 11:12:07,000,+21.013,+45.987,+18.100,+21.110,+88.1,+0.00,+0.00,+0.00,+0.00,+0.00,LLLLLLLLLL,LLLLL
257,2025-11-28 11:22:07,000,+20.787,+45.494,+18.155,+21.100,+90.9,+0.00,+0.00,+0.00,+0.00,+0.00,LLLLLLLLLL,LLLLL
258,2025-11-28 11:32:07,000,+19.906,+46.569,+18.170,+21.080,+93.0,-0.01,+0.00,+0.00,-0.01,+0.00,LLLLLLLLLL,LLLLL
259,2025-11-28 11:42:07,000,+19.631,+47.913,+18.170,+21.050,+94.8,+0.00,+0.00,+0.00,+0.00,+0.00,LLLLLLLLLL,LLLLL
260,2025-11-28 11:52:07,000,+20.087,+46.456,+18.260,+21.100,+97.0,+0.00,+0.00,+0.00,+0.00,+0.00,LLLLLLLLLL,LLLLL
261,2025-11-28 12:02:07,000,+20.431,+44.412,+18.300,+21.110,+102.0,+0.00,+0.00,+0.00,+0.00,+0.00,LLLLLLLLLL,LLLLL
262,2025-11-28 12:12:07,000,+20.425,+43.381,+18.340,+21.100,+103.0,+0.00,+0.00,+0.00,+0.00,+0.00,LLLLLLLLLL,LLLLL
263,2025-11-28 12:22:07,000,+19.925,+46.131,+18.370,+21.090,+104.4,+0.01,+0.01,+0.01,+0.01,+0.01,LLLLLLLLLL,LLLLL
264,2025-11-28 12:32:07,000,+20.181,+45.481,+18.485,+21.110,+88.8,+0.00,+0.00,+0.00,+0.00,+0.00,LLLLLLLLLL,LLLLL
265,2025-11-28 12:42:07,000,+19.450,+46.794,+18.490,+21.090,+111.6,+0.00,+0.00,+0.00,+0.00,+0.00,LLLLLLLLLL,LLLLL
266,2025-11-28 12:52:07,000,+19.094,+45.963,+18.485,+21.090,+100.9,+0.00,+0.00,+0.00,+0.00,+0.00,LLLLLLLLLL,LLLLL
267,2025-11-28 13:02:07,000,+19.113,+48.525,+18.535,+21.100,+105.4,+0.00,+0.00,+0.00,+0.00,+0.00,LLLLLLLLLL,LLLLL
268,2025-11-28 13:12:07,000,+19.931,+44.294,+18.620,+21.110,+103.8,-0.01,-0.01,-0.01,-0.01,-0.01,LLLLLLLLLL,LLLLL
269,2025-11-28 13:22:07,000,+20.338,+43.969,+18.610,+21.100,+102.2,+0.00,+0.00,+0.00,+0.00,+0.00,LLLLLLLLLL,LLLLL
270,2025-11-28 13:32:07,000,+21.350,+47.062,+18.730,+21.110,+102.2,+0.00,+0.00,+0.00,+0.00,+0.00,LLLLLLLLLL,LLLLL
271,2025-11-28 13:42:07,000,+22.375,+40.806,+18.805,+21.110,+100.4,+0.00,+0.00,+0.00,+0.00,+0.00,LLLLLLLLLL,LLLLL
272,2025-11-28 13:52:07,000,+23.138,+37.819,+18.915,+21.120,+101.8,+0.00,+0.00,+0.00,+0.00,+0.00,LLLLLLLLLL,LLLLL
273,2025-11-28 14:02:07,000,+23.669,+35.194,+19.050,+21.130,+97.0,-0.01,+0.00,+0.00,-0.01,+0.00,LLLLLLLLLL,LLLLL
274,2025-11-28 14:12:07,000,+23.706,+33.650,+19.095,+21.180,+76.5,+0.00,+0.00,+0.00,+0.00,+0.00,LLLLLLLLLL,LLLLL
275,2025-11-28 14:22:07,000,+23.812,+33.619,+19.020,+21.130,+60.1,-0.01,+0.00,+0.00,+0.00,+0.00,LLLLLLLLLL,LLLLL
276,2025-11-28 14:32:07,000,+23.937,+33.906,+19.030,+21.120,+74.0,+0.00,-0.01,-0.01,-0.01,+0.00,LLLLLLLLLL,LLLLL
277,2025-11-28 14:42:07,000,+24.281,+36.606,+19.230,+21.150,+73.8,-0.01,-0.01,-0.01,-0.01,-0.01,LLLLLLLLLL,LLLLL
278,2025-11-28 14:52:07,000,+24.550,+33.381,+19.350,+21.130,+72.0,+0.00,+0.00,+0.00,+0.00,+0.00,LLLLLLLLLL,LLLLL
279,2025-11-28 15:02:07,000,+24.600,+33.325,+19.385,+21.180,+66.6,+0.00,+0.00,+0.00,+0.00,+0.00,LLLLLLLLLL,LLLLL
280,2025-11-28 15:12:07,000,+24.375,+35.288,+19.420,+21.260,+57.2,+0.00,+0.00,+0.00,+0.00,+0.00,LLLLLLLLLL,LLLLL
281,2025-11-28 15:22:07,000,+24.056,+36.600,+19.420,+21.860,+39.9,-0.01,-0.01,-0.01,-0.01,-0.01,LLLLLLLLLL,LLLLL
282,2025-11-28 15:32:07,000,+23.806,+41.944,+19.540,+21.910,+26.8,+0.00,-0.01,-0.01,-0.01,-0.01,LLLLLLLLLL,LLLLL
283,2025-11-28 15:42:07,000,+23.519,+49.519,+19.610,+21.880,+16.0,+0.01,+0.01,+0.00,+0.01,+0.01,LLLLLLLLLL,LLLLL
284,2025-11-28 15:52:07,000,+22.856,+56.650,+19.685,+21.880,+6.2,+0.00,+0.01,+0.01,+0.01,+0.01,LLLLLLLLLL,LLLLL
285,2025-11-28 16:02:07,000,+21.981,+61.981,+19.680,+21.890,+5.0,+0.00,+0.00,+0.00,+0.00,+0.00,LLLLLLLLLL,LLLLL
286,2025-11-28 16:12:07,000,+21.163,+62.994,+19.595,+21.930,+4.0,+0.00,+0.00,+0.00,+0.00,+0.00,LLLLLLLLLL,LLLLL
287,2025-11-28 16:22:07,000,+20.406,+63.187,+19.545,+21.930,+2.6,+0.01,+0.00,+0.00,+0.00,+0.00,LLLLLLLLLL,LLLLL
288,2025-11-28 16:32:07,000,+19.475,+63.763,+19.500,+21.930,+1.2,+0.00,+0.00,+0.00,+0.00,+0.00,LLLLLLLLLL,LLLLL
289,2025-11-28 16:42:07,000,+18.650,+64.087,+19.375,+21.920,+0.5,+0.00,+0.00,+0.00,+0.00,+0.00,LLLLLLLLLL,LLLLL
290,2025-11-28 16:52:07,000,+17.925,+64.300,+19.285,+21.920,+0.2,+0.00,+0.00,+0.00,+0.00,+0.00,LLLLLLLLLL,LLLLL
291,2025-11-28 17:02:07,000,+17.200,+64.538,+19.165,+21.910,+0.0,+0.01,+0.00,+0.01,+0.00,+0.00,LLLLLLLLLL,LLLLL
292,2025-11-28 17:12:07,000,+16.538,+64.681,+19.055,+21.910,+0.1,+0.01,+0.01,+0.01,+0.01,+0.01,LLLLLLLLLL,LLLLL
293,2025-11-28 17:22:07,000,+15.894,+64.831,+18.920,+21.880,+0.1,+0.00,+0.00,+0.00,+0.00,+0.00,LLLLLLLLLL,LLLLL
294,2025-11-28 17:32:07,000,+15.325,+65.075,+18.765,+21.880,+0.1,+0.00,+0.00,+0.00,+0.00,+0.00,LLLLLLLLLL,LLLLL
295,2025-11-28 17:42:07,000,+14.806,+65.250,+18.660,+21.870,+0.1,+0.01,+0.00,+0.00,+0.01,+0.00,LLLLLLLLLL,LLLLL
296,2025-11-28 17:52:07,000,+14.350,+65.406,+18.510,+21.810,+0.0,+0.01,+0.01,+0.01,+0.00,+0.01,LLLLLLLLLL,LLLLL
297,2025-11-28 18:02:07,000,+13.931,+65.506,+18.370,+21.820,+0.0,-0.01,+0.00,-0.01,-0.01,+0.00,LLLLLLLLLL,LLLLL
298,2025-11-28 18:12:07,000,+13.550,+65.556,+18.250,+21.770,+0.1,+0.00,+0.00,+0.00,+0.00,+0.00,LLLLLLLLLL,LLLLL
299,2025-11-28 18:22:07,000,+13.163,+65.588,+18.085,+21.790,+0.0,+0.00,+0.00,+0.00,+0.00,+0.00,LLLLLLLLLL,LLLLL
300,2025-11-28 18:32:07,000,+12.825,+65.613,+17.925,+21.650,+0.1,+0.00,+0.00,+0.00,+0.00,+0.00,LLLLLLLLLL,LLLLL
301,2025-11-28 18:42:07,000,+12.506,+65.631,+17.805,+21.630,+0.1,+0.01,+0.00,+0.00,+0.01,+0.00,LLLLLLLLLL,LLLLL
302,2025-11-28 18:52:07,000,+12.131,+65.650,+17.665,+21.640,+0.0,+0.00,+0.00,+0.00,+0.00,+0.00,LLLLLLLLLL,LLLLL
303,2025-11-28 19:02:07,000,+11.781,+66.075,+17.505,+21.630,+0.0,+0.00,+0.00,+0.01,+0.01,+0.01,LLLLLLLLLL,LLLLL
304,2025-11-28 19:12:07,000,+11.581,+66.437,+17.395,+21.600,+0.2,-0.01,+0.00,+0.00,-0.01,-0.01,LLLLLLLLLL,LLLLL
305,2025-11-28 19:22:07,000,+11.375,+66.463,+17.245,+21.630,+0.2,-0.01,+0.00,-0.01,+0.00,-0.01,LLLLLLLLLL,LLLLL
306,2025-11-28 19:32:07,000,+11.187,+66.600,+17.095,+21.580,+0.0,+0.00,+0.01,+0.01,+0.00,+0.01,LLLLLLLLLL,LLLLL
307,2025-11-28 19:42:07,000,+11.019,+66.706,+16.965,+21.600,+0.0,+0.00,+0.00,+0.00,+0.00,+0.00,LLLLLLLLLL,LLLLL
308,2025-11-28 19:52:07,000,+10.838,+66.925,+16.825,+21.560,+0.0,+0.01,+0.00,+0.01,+0.01,+0.01,LLLLLLLLLL,LLLLL
309,2025-11-28 20:02:07,000,+10.687,+67.344,+16.675,+21.530,+0.1,+0.00,+0.00,+0.00,+0.00,+0.00,LLLLLLLLLL,LLLLL
310,2025-11-28 20:12:07,000,+10.556,+68.006,+16.585,+21.520,+0.1,-0.01,-0.01,-0.01,-0.01,-0.01,LLLLLLLLLL,LLLLL
311,2025-11-28 20:22:07,000,+10.456,+68.706,+16.450,+21.480,+0.1,+0.00,+0.00,+0.00,-0.01,+0.00,LLLLLLLLLL,LLLLL
312,2025-11-28 20:32:07,000,+10.350,+69.338,+16.345,+21.480,+0.1,+0.00,+0.00,+0.00,+0.00,+0.00,LLLLLLLLLL,LLLLL
313,2025-11-28 20:42:07,000,+10.181,+69.419,+16.185,+21.490,+0.1,+0.01,+0.01,+0.01,+0.01,+0.01,LLLLLLLLLL,LLLLL
314,2025-11-28 20:52:07,000,+10.050,+73.731,+16.000,+21.430,+0.1,+0.00,+0.00,+0.00,+0.00,+0.00,LLLLLLLLLL,LLLLL
315,2025-11-28 21:02:07,000,+9.944,+73.794,+15.825,+21.430,+0.1,+0.00,+0.00,+0.00,+0.00,+0.00,LLLLLLLLLL,LLLLL
316,2025-11-28 21:12:07,000,+9.894,+73.831,+15.720,+21.400,+0.1,+0.00,+0.00,+0.00,+0.00,+0.00,LLLLLLLLLL,LLLLL
317,2025-11-28 21:22:07,000,+9.856,+73.844,+15.580,+21.390,+0.1,+0.00,+0.00,+0.00,+0.00,+0.00,LLLLLLLLLL,LLLLL
318,2025-11-28 21:32:07,000,+9.756,+73.763,+15.415,+21.390,+0.1,+0.00,+0.00,+0.00,+0.00,+0.00,LLLLLLLLLL,LLLLL
319,2025-11-28 21:42:07,000,+9.681,+73.725,+15.325,+21.400,+0.1,+0.00,+0.00,+0.00,+0.00,+0.00,LLLLLLLLLL,LLLLL
320,2025-11-28 21:52:07,000,+9.625,+73.800,+15.180,+21.390,+0.1,+0.00,+0.00,+0.00,+0.00,+0.00,LLLLLLLLLL,LLLLL
321,2025-11-28 22:02:07,000,+9.581,+74.075,+15.105,+21.360,+0.1,-0.01,-0.01,-0.01,-0.01,+0.00,LLLLLLLLLL,LLLLL
322,2025-11-28 22:12:07,000,+9.587,+74.500,+15.020,+21.270,+0.0,+0.00,+0.00,+0.00,+0.00,+0.00,LLLLLLLLLL,LLLLL
323,2025-11-28 22:22:07,000,+9.669,+74.706,+14.975,+21.240,+0.1,+0.00,+0.00,+0.00,+0.00,+0.00,LLLLLLLLLL,LLLLL
324,2025-11-28 22:32:07,000,+9.756,+74.737,+14.905,+21.230,+0.0,+0.00,+0.00,+0.00,+0.00,+0.00,LLLLLLLLLL,LLLLL
325,2025-11-28 22:42:07,000,+9.825,+74.763,+14.815,+21.230,+0.0,+0.00,+0.00,+0.00,+0.00,+0.00,LLLLLLLLLL,LLLLL
326,2025-11-28 22:52:07,000,+9.844,+74.700,+14.775,+21.230,+0.1,+0.00,+0.00,+0.00,+0.00,+0.00,LLLLLLLLLL,LLLLL
327,2025-11-28 23:02:07,000,+9.812,+74.631,+14.705,+21.230,+0.1,+0.00,+0.00,+0.00,+0.00,+0.00,LLLLLLLLLL,LLLLL
328,2025-11-28 23:12:07,000,+9.756,+74.650,+14.620,+21.240,+0.1,+0.00,+0.00,+0.00,+0.00,+0.00,LLLLLLLLLL,LLLLL
329,2025-11-28 23:22:07,000,+9.706,+74.625,+14.575,+21.230,+0.1,+0.00,+0.00,+0.00,+0.00,+0.00,LLLLLLLLLL,LLLLL
330,2025-11-28 23:32:07,000,+9.619,+74.537,+14.540,+21.230,+0.1,+0.00,+0.00,+0.00,+0.00,+0.00,LLLLLLLLLL,LLLLL
331,2025-11-28 23:42:07,000,+9.494,+74.312,+14.420,+21.230,+0.1,+0.00,+0.00,+0.00,+0.00,+0.00,LLLLLLLLLL,LLLLL
332,2025-11-28 23:52:07,000,+9.406,+74.275,+14.335,+21.150,+0.0,+0.00,+0.00,+0.00,+0.00,+0.00,LLLLLLLLLL,LLLLL
333,2025-11-29 00:02:07,000,+9.294,+74.175,+14.220,+21.220,+0.1,-0.01,-0.01,-0.01,-0.01,-0.01,LLLLLLLLLL,LLLLL
334,2025-11-29 00:12:07,000,+9.150,+74.125,+14.175,+21.150,+0.0,+0.00,+0.00,+0.00,+0.00,+0.00,LLLLLLLLLL,LLLLL
335,2025-11-29 00:22:07,000,+8.950,+73.913,+14.070,+21.140,+0.1,+0.00,+0.00,+0.00,+0.00,+0.00,LLLLLLLLLL,LLLLL
336,2025-11-29 00:32:07,000,+8.775,+73.781,+13.930,+21.150,+0.0,+0.00,+0.00,+0.00,+0.00,+0.01,LLLLLLLLLL,LLLLL
337,2025-11-29 00:42:07,000,+8.550,+73.612,+13.850,+21.140,+0.0,+0.00,-0.01,+0.00,+0.00,-0.01,LLLLLLLLLL,LLLLL
338,2025-11-29 00:52:07,000,+8.338,+73.644,+13.710,+21.130,+0.0,-0.01,+0.00,-0.01,+0.00,+0.00,LLLLLLLLLL,LLLLL
339,2025-11-29 01:02:07,000,+8.187,+73.638,+13.615,+21.130,+0.0,-0.01,-0.01,+0.00,+0.00,-0.01,LLLLLLLLLL,LLLLL
340,2025-11-29 01:12:07,000,+8.012,+73.694,+13.495,+21.140,+0.0,+0.01,+0.00,+0.00,+0.01,+0.00,LLLLLLLLLL,LLLLL
341,2025-11-29 01:22:07,000,+7.881,+73.700,+13.365,+21.130,+0.0,-0.01,+0.00,+0.00,+0.00,-0.01,LLLLLLLLLL,LLLLL
342,2025-11-29 01:32:07,000,+7.731,+73.687,+13.285,+21.100,+0.1,+0.00,+0.00,+0.00,+0.00,-0.01,LLLLLLLLLL,LLLLL
343,2025-11-29 01:42:07,000,+7.575,+73.662,+13.160,+21.100,+0.0,+0.01,+0.01,+0.01,+0.01,+0.01,LLLLLLLLLL,LLLLL
344,2025-11-29 01:52:07,000,+7.369,+74.156,+13.055,+21.060,+0.0,+0.00,+0.00,+0.00,+0.00,+0.00,LLLLLLLLLL,LLLLL
345,2025-11-29 02:02:07,000,+7.413,+74.862,+12.960,+21.050,+0.0,+0.01,+0.01,+0.01,+0.01,+0.01,LLLLLLLLLL,LLLLL
346,2025-11-29 02:12:07,000,+7.550,+75.338,+12.895,+21.050,+0.0,+0.00,+0.00,+0.00,+0.00,+0.00,LLLLLLLLLL,LLLLL
347,2025-11-29 02:22:07,000,+7.663,+75.294,+12.845,+21.040,+0.0,+0.00,+0.00,+0.00,+0.00,+0.00,LLLLLLLLLL,LLLLL
348,2025-11-29 02:32:07,000,+7.675,+75.294,+12.810,+21.030,+0.0,-0.01,+0.00,-0.01,+0.00,+0.00,LLLLLLLLLL,LLLLL
349,2025-11-29 02:42:07,000,+7.700,+75.338,+12.700,+21.030,+0.0,+0.01,+0.01,+0.01,+0.01,+0.00,LLLLLLLLLL,LLLLL
350,2025-11-29 02:52:07,000,+7.663,+75.187,+12.645,+21.010,+0.0,+0.01,+0.01,+0.01,+0.01,+0.01,LLLLLLLLLL,LLLLL
351,2025-11-29 03:02:07,000,+7.550,+75.006,+12.580,+21.020,+0.0,+0.00,+0.00,+0.01,+0.01,+0.01,LLLLLLLLLL,LLLLL
352,2025-11-29 03:12:07,000,+7.437,+75.131,+12.480,+20.990,+0.0,+0.01,+0.01,+0.01,+0.01,+0.01,LLLLLLLLLL,LLLLL
353,2025-11-29 03:22:07,000,+7.400,+75.300,+12.445,+20.970,+0.1,+0.00,+0.00,+0.00,+0.00,+0.00,LLLLLLLLLL,LLLLL
354,2025-11-29 03:32:07,000,+7.362,+75.275,+12.340,+20.980,+0.1,+0.00,+0.00,-0.01,+0.00,-0.01,LLLLLLLLLL,LLLLL
355,2025-11-29 03:42:07,000,+7.287,+75.131,+12.280,+20.970,+0.1,+0.01,+0.01,+0.01,+0.00,+0.00,LLLLLLLLLL,LLLLL
356,2025-11-29 03:52:07,000,+7.175,+74.906,+12.220,+20.970,+0.1,+0.00,-0.01,+0.00,-0.01,-0.01,LLLLLLLLLL,LLLLL
357,2025-11-29 04:02:07,000,+7.000,+74.713,+12.100,+20.970,+0.0,+0.00,+0.00,+0.00,+0.00,+0.00,LLLLLLLLLL,LLLLL
358,2025-11-29 04:12:07,000,+6.838,+74.619,+12.040,+20.970,+0.0,+0.01,+0.01,+0.01,+0.01,+0.01,LLLLLLLLLL,LLLLL
359,2025-11-29 04:22:07,000,+6.625,+74.600,+11.915,+20.970,+0.0,+0.00,-0.01,+0.00,+0.00,+0.00,LLLLLLLLLL,LLLLL
360,2025-11-29 04:32:07,000,+7.113,+76.100,+11.885,+20.990,+0.1,+0.00,+0.00,+0.00,+0.00,+0.00,LLLLLLLLLL,LLLLL
361,2025-11-29 04:42:07,000,+7.587,+75.025,+11.840,+20.970,+0.1,+0.01,+0.01,+0.01,+0.01,+0.01,LLLLLLLLLL,LLLLL
362,2025-11-29 04:52:07,000,+7.538,+73.875,+11.800,+20.970,+0.1,+0.00,+0.00,+0.00,+0.00,+0.00,LLLLLLLLLL,LLLLL
363,2025-11-29 05:02:07,000,+7.831,+74.419,+11.730,+20.910,+0.1,+0.00,+0.00,+0.00,-0.01,+0.00,LLLLLLLLLL,LLLLL
364,2025-11-29 05:12:07,000,+8.112,+73.687,+11.685,+20.910,+0.0,+0.00,+0.00,+0.00,+0.00,+0.00,LLLLLLLLLL,LLLLL
365,2025-11-29 05:22:07,000,+7.931,+73.325,+11.645,+20.910,+0.1,+0.00,+0.00,+0.00,+0.00,+0.00,LLLLLLLLLL,LLLLL
366,2025-11-29 05:32:07,000,+8.325,+73.350,+11.610,+20.910,+0.0,+0.00,+0.00,+0.00,+0.00,+0.00,LLLLLLLLLL,LLLLL
367,2025-11-29 05:42:07,000,+8.275,+72.644,+11.520,+20.910,+0.1,+0.00,+0.00,+0.00,+0.00,+0.00,LLLLLLLLLL,LLLLL
368,2025-11-29 05:52:07,000,+8.363,+73.206,+11.490,+20.910,+0.0,+0.00,+0.00,+0.00,+0.00,-0.01,LLLLLLLLLL,LLLLL
369,2025-11-29 06:02:07,000,+8.444,+72.831,+11.455,+20.910,+0.1,+0.01,+0.01,+0.01,+0.01,+0.01,LLLLLLLLLL,LLLLL
370,2025-11-29 06:12:07,000,+8.250,+72.531,+11.400,+20.900,+0.2,+0.00,+0.00,+0.00,-0.01,+0.00,LLLLLLLLLL,LLLLL
371,2025-11-29 06:22:07,000,+8.300,+73.437,+11.370,+20.830,+0.5,+0.00,-0.01,+0.00,+0.00,+0.00,LLLLLLLLLL,LLLLL
372,2025-11-29 06:32:07,000,+8.456,+72.956,+11.365,+20.860,+1.4,+0.00,+0.00,+0.00,+0.00,+0.00,LLLLLLLLLL,LLLLL
373,2025-11-29 06:42:07,000,+8.281,+72.350,+11.285,+20.820,+4.6,+0.00,+0.00,+0.00,-0.01,+0.00,LLLLLLLLLL,LLLLL
374,2025-11-29 06:52:07,000,+8.450,+72.838,+11.250,+20.910,+11.0,+0.01,+0.01,+0.01,+0.01,+0.01,LLLLLLLLLL,LLLLL
375,2025-11-29 07:02:07,000,+8.650,+73.112,+11.280,+20.920,+19.6,+0.00,+0.00,+0.00,+0.00,+0.00,LLLLLLLLLL,LLLLL
376,2025-11-29 07:12:07,000,+9.056,+73.469,+11.305,+20.940,+25.5,+0.00,+0.00,-0.01,-0.01,+0.00,LLLLLLLLLL,LLLLL
377,2025-11-29 07:22:07,000,+9.612,+73.763,+11.430,+20.900,+29.4,+0.00,+0.00,+0.00,+0.00,+0.01,LLLLLLLLLL,LLLLL
378,2025-11-29 07:32:07,000,+10.356,+73.913,+11.555,+20.800,+31.4,+0.00,+0.00,+0.00,+0.00,+0.00,LLLLLLLLLL,LLLLL
379,2025-11-29 07:42:07,000,+11.250,+73.900,+11.730,+20.870,+34.6,-0.01,-0.01,-0.01,-0.01,-0.01,LLLLLLLLLL,LLLLL
380,2025-11-29 07:52:07,000,+12.306,+73.612,+11.925,+20.890,+37.0,+0.00,+0.00,+0.00,+0.00,+0.01,LLLLLLLLLL,LLLLL
381,2025-11-29 08:02:07,000,+13.456,+73.019,+12.135,+20.930,+40.1,+0.00,+0.00,+0.00,+0.00,+0.00,LLLLLLLLLL,LLLLL
382,2025-11-29 08:12:07,000,+14.719,+72.400,+12.385,+21.040,+45.4,+0.01,+0.01,+0.01,+0.01,+0.00,LLLLLLLLLL,LLLLL
383,2025-11-29 08:22:07,000,+16.075,+66.100,+12.750,+21.120,+51.2,-0.01,-0.01,-0.01,-0.01,-0.01,LLLLLLLLLL,LLLLL
384,2025-11-29 08:32:07,000,+17.462,+65.194,+13.225,+21.120,+54.0,+0.00,+0.00,+0.00,-0.01,-0.01,LLLLLLLLLL,LLLLL
385,2025-11-29 08:42:07,000,+18.819,+64.775,+13.605,+21.180,+63.4,+0.00,+0.00,+0.00,+0.00,+0.00,LLLLLLLLLL,LLLLL
386,2025-11-29 08:52:07,000,+20.156,+64.344,+14.045,+21.230,+65.4,-0.01,-0.01,+0.00,+0.00,+0.00,LLLLLLLLLL,LLLLL
387,2025-11-29 09:02:07,000,+21.463,+63.869,+14.495,+21.230,+67.2,-0.01,-0.01,-0.01,-0.01,-0.01,LLLLLLLLLL,LLLLL
388,2025-11-29 09:12:07,000,+22.669,+63.219,+14.885,+21.310,+66.4,+0.00,+0.00,+0.00,+0.00,+0.00,LLLLLLLLLL,LLLLL
389,2025-11-29 09:22:07,000,+23.763,+62.469,+15.255,+21.270,+37.2,-0.01,-0.01,-0.01,-0.01,-0.01,LLLLLLLLLL,LLLLL
390,2025-11-29 09:32:07,000,+24.656,+61.537,+15.555,+21.330,+75.1,-0.01,-0.01,-0.01,-0.01,-0.01,LLLLLLLLLL,LLLLL
391,2025-11-29 09:42:07,000,+25.588,+60.225,+15.860,+21.570,+73.5,+0.00,+0.00,+0.00,+0.00,+0.00,LLLLLLLLLL,LLLLL
392,2025-11-29 09:52:07,000,+26.506,+58.956,+16.135,+21.650,+43.1,+0.01,+0.01,+0.01,+0.01,+0.01,LLLLLLLLLL,LLLLL
393,2025-11-29 10:02:07,000,+27.300,+55.531,+16.405,+21.720,+66.1,+0.00,+0.00,+0.01,+0.01,+0.00,LLLLLLLLLL,LLLLL
394,2025-11-29 10:12:07,000,+27.988,+52.100,+16.665,+21.740,+75.0,+0.00,+0.00,+0.00,+0.01,+0.00,LLLLLLLLLL,LLLLL
395,2025-11-29 10:22:07,000,+28.413,+47.644,+16.890,+21.740,+84.4,+0.00,+0.00,+0.00,+0.00,+0.00,LLLLLLLLLL,LLLLL
396,2025-11-29 10:32:07,000,+28.900,+50.506,+17.140,+21.770,+89.5,+0.00,+0.00,+0.00,+0.00,+0.00,LLLLLLLLLL,LLLLL
397,2025-11-29 10:42:07,000,+29.488,+49.862,+17.415,+21.830,+92.9,+0.00,+0.00,+0.00,+0.00,+0.00,LLLLLLLLLL,LLLLL
398,2025-11-29 10:52:07,000,+29.975,+47.231,+17.730,+21.820,+30.4,+0.00,+0.00,+0.00,+0.00,-0.01,LLLLLLLLLL,LLLLL
399,2025-11-29 11:02:07,000,+29.937,+45.794,+17.895,+21.800,+72.9,+0.00,+0.00,+0.00,+0.00,+0.00,LLLLLLLLLL,LLLLL
400,2025-11-29 11:12:07,000,+29.462,+46.244,+18.040,+21.850,+50.1,+0.00,+0.00,+0.00,+0.00,+0.00,LLLLLLLLLL,LLLLL
401,2025-11-29 11:22:07,000,+28.800,+43.612,+18.185,+21.950,+95.8,+0.00,+0.00,+0.00,+0.00,+0.00,LLLLLLLLLL,LLLLL
402,2025-11-29 11:32:07,000,+28.406,+46.706,+18.395,+21.950,+83.1,+0.00,+0.00,+0.00,+0.00,+0.00,LLLLLLLLLL,LLLLL
403,2025-11-29 11:42:07,000,+28.269,+46.612,+18.600,+21.950,+66.6,+0.00,+0.00,+0.00,+0.00,+0.00,LLLLLLLLLL,LLLLL
404,2025-11-29 11:52:07,000,+28.175,+47.525,+18.785,+21.950,+59.4,+0.01,+0.00,+0.00,+0.00,+0.00,LLLLLLLLLL,LLLLL
405,2025-11-29 12:02:07,000,+27.975,+48.106,+18.935,+21.940,+55.9,+0.01,+0.01,+0.00,+0.01,+0.01,LLLLLLLLLL,LLLLL
406,2025-11-29 12:12:07,000,+27.725,+47.719,+19.080,+21.990,+64.9,+0.00,+0.00,+0.00,+0.00,+0.00,LLLLLLLLLL,LLLLL
407,2025-11-29 12:22:07,000,+27.525,+49.225,+19.235,+22.000,+63.9,+0.00,+0.00,+0.00,+0.00,+0.00,LLLLLLLLLL,LLLLL
408,2025-11-29 12:32:07,000,+27.338,+49.812,+19.385,+22.010,+49.1,+0.00,+0.00,+0.00,+0.00,+0.00,LLLLLLLLLL,LLLLL
409,2025-11-29 12:42:07,000,+27.106,+51.638,+19.510,+22.010,+56.0,+0.00,+0.00,+0.00,+0.00,+0.00,LLLLLLLLLL,LLLLL
410,2025-11-29 12:52:07,000,+26.781,+51.781,+19.625,+22.000,+40.2,+0.00,+0.00,+0.00,+0.00,+0.00,LLLLLLLLLL,LLLLL
411,2025-11-29 13:02:07,000,+26.388,+53.675,+19.745,+22.000,+42.0,+0.00,+0.00,+0.00,+0.00,+0.00,LLLLLLLLLL,LLLLL
412,2025-11-29 13:12:07,000,+25.931,+54.281,+19.805,+21.990,+36.0,-0.01,-0.01,-0.01,-0.01,-0.01,LLLLLLLLLL,LLLLL
413,2025-11-29 13:22:07,000,+25.419,+58.500,+19.865,+21.990,+31.6,-0.01,-0.01,-0.01,-0.01,+0.00,LLLLLLLLLL,LLLLL
414,2025-11-29 13:32:07,000,+24.863,+57.163,+19.940,+21.990,+43.0,+0.00,+0.00,+0.00,+0.00,+0.00,LLLLLLLLLL,LLLLL
415,2025-11-29 13:42:07,000,+24.400,+60.362,+20.015,+21.980,+32.1,+0.00,+0.00,+0.00,+0.00,+0.00,LLLLLLLLLL,LLLLL
416,2025-11-29 13:52:07,000,+23.950,+61.894,+20.040,+21.980,+28.4,+0.00,+0.00,+0.00,+0.00,+0.00,LLLLLLLLLL,LLLLL
417,2025-11-29 14:02:07,000,+23.481,+61.950,+20.055,+21.980,+59.2,+0.00,+0.00,+0.00,+0.00,+0.00,LLLLLLLLLL,LLLLL
418,2025-11-29 14:12:07,000,+23.388,+61.838,+20.190,+22.000,+106.0,-0.01,-0.01,-0.01,-0.01,-0.01,LLLLLLLLLL,LLLLL
419,2025-11-29 14:22:07,000,+23.775,+60.575,+20.345,+22.000,+66.8,+0.00,+0.00,+0.00,+0.00,+0.00,LLLLLLLLLL,LLLLL
420,2025-11-29 14:32:07,000,+24.281,+58.175,+20.470,+22.000,+65.4,+0.00,+0.00,+0.00,+0.00,+0.00,LLLLLLLLLL,LLLLL
421,2025-11-29 14:42:07,000,+24.700,+56.812,+20.590,+22.000,+76.0,+0.00,+0.00,+0.00,+0.00,+0.00,LLLLLLLLLL,LLLLL
422,2025-11-29 14:52:07,000,+25.031,+54.331,+20.675,+22.040,+61.9,-0.01,+0.00,-0.01,+0.00,+0.00,LLLLLLLLLL,LLLLL
423,2025-11-29 15:02:07,000,+25.138,+54.619,+20.760,+22.070,+29.1,+0.00,+0.00,-0.01,-0.01,-0.01,LLLLLLLLLL,LLLLL
424,2025-11-29 15:12:07,000,+24.931,+55.719,+20.790,+22.080,+27.5,+0.00,+0.00,+0.00,+0.00,+0.00,LLLLLLLLLL,LLLLL
425,2025-11-29 15:22:07,000,+24.431,+58.275,+20.795,+22.050,+20.0,+0.01,+0.01,+0.01,+0.01,+0.00,LLLLLLLLLL,LLLLL
426,2025-11-29 15:32:07,000,+23.756,+60.169,+20.775,+22.040,+26.1,+0.01,+0.01,+0.01,+0.01,+0.01,LLLLLLLLLL,LLLLL
427,2025-11-29 15:42:07,000,+23.088,+60.606,+20.760,+22.050,+17.8,+0.00,+0.00,+0.00,+0.00,+0.00,LLLLLLLLLL,LLLLL
428,2025-11-29 15:52:07,000,+22.431,+59.350,+20.720,+22.050,+10.0,+0.00,+0.00,+0.00,+0.00,+0.00,LLLLLLLLLL,LLLLL
429,2025-11-29 16:02:07,000,+21.700,+61.756,+20.605,+22.010,+5.1,+0.01,+0.00,+0.01,+0.00,+0.00,LLLLLLLLLL,LLLLL
430,2025-11-29 16:12:07,000,+20.831,+61.856,+20.525,+22.030,+3.6,+0.00,+0.00,+0.00,+0.00,+0.00,LLLLLLLLLL,LLLLL
431,2025-11-29 16:22:07,000,+19.862,+62.231,+20.375,+21.990,+2.4,+0.01,+0.01,+0.01,+0.01,+0.01,LLLLLLLLLL,LLLLL
432,2025-11-29 16:32:07,000,+18.881,+62.881,+20.225,+21.990,+1.1,+0.00,+0.00,+0.00,+0.00,+0.00,LLLLLLLLLL,LLLLL
433,2025-11-29 16:42:07,000,+17.913,+63.763,+20.105,+21.950,+0.4,+0.00,+0.00,+0.00,+0.00,+0.00,LLLLLLLLLL,LLLLL
434,2025-11-29 16:52:07,000,+17.025,+64.256,+19.940,+21.970,+0.1,+0.00,+0.00,+0.00,+0.00,+0.00,LLLLLLLLLL,LLLLL
435,2025-11-29 17:02:07,000,+16.362,+64.600,+19.780,+21.920,+0.1,+0.01,+0.01,+0.01,+0.01,+0.01,LLLLLLLLLL,LLLLL
436,2025-11-29 17:12:07,000,+15.737,+64.869,+19.580,+21.910,+0.1,+0.00,+0.00,+0.00,+0.00,+0.00,LLLLLLLLLL,LLLLL
437,2025-11-29 17:22:07,000,+15.181,+65.138,+19.385,+21.910,+0.1,+0.00,+0.00,+0.00,+0.00,+0.00,LLLLLLLLLL,LLLLL
438,2025-11-29 17:32:07,000,+14.694,+65.331,+19.255,+21.900,+0.1,+0.00,+0.00,-0.01,+0.00,+0.00,LLLLLLLLLL,LLLLL
439,2025-11-29 17:42:07,000,+14.269,+65.425,+19.080,+21.900,+0.1,+0.01,+0.00,+0.01,+0.01,+0.01,LLLLLLLLLL,LLLLL
440,2025-11-29 17:52:07,000,+13.825,+65.506,+18.905,+21.900,+0.2,+0.01,+0.01,+0.01,+0.01,+0.01,LLLLLLLLLL,LLLLL
441,2025-11-29 18:02:07,000,+13.431,+65.581,+18.730,+21.870,+0.1,+0.00,+0.00,+0.00,+0.00,+0.00,LLLLLLLLLL,LLLLL
442,2025-11-29 18:12:07,000,+13.031,+65.625,+18.555,+21.870,+0.0,+0.00,+0.00,+0.00,+0.00,+0.00,LLLLLLLLLL,LLLLL
443,2025-11-29 18:22:07,000,+12.650,+65.675,+18.435,+21.840,+0.1,+0.00,+0.00,+0.01,+0.00,+0.00,LLLLLLLLLL,LLLLL
444,2025-11-29 18:32:07,000,+12.300,+65.694,+18.280,+21.850,+0.0,+0.01,+0.01,+0.00,+0.00,+0.00,LLLLLLLLLL,LLLLL
445,2025-11-29 18:42:07,000,+11.969,+65.713,+18.135,+21.810,+0.1,-0.01,+0.00,-0.01,+0.00,+0.00,LLLLLLLLLL,LLLLL
446,2025-11-29 18:52:07,000,+11.669,+65.731,+18.030,+21.800,+0.2,-0.01,+0.00,+0.00,-0.01,-0.01,LLLLLLLLLL,LLLLL
447,2025-11-29 19:02:07,000,+11.369,+65.738,+17.875,+21.780,+0.1,+0.00,+0.00,+0.00,+0.00,+0.00,LLLLLLLLLL,LLLLL
448,2025-11-29 19:12:07,000,+11.100,+65.838,+17.715,+21.690,+0.1,+0.00,+0.00,+0.00,+0.00,+0.00,LLLLLLLLLL,LLLLL
449,2025-11-29 19:22:07,000,+10.844,+65.987,+17.595,+21.680,+0.1,+0.00,+0.00,+0.00,+0.00,+0.00,LLLLLLLLLL,LLLLL
450,2025-11-29 19:32:07,000,+10.575,+66.231,+17.415,+21.640,+0.1,+0.00,+0.00,+0.00,+0.00,+0.00,LLLLLLLLLL,LLLLL
451,2025-11-29 19:42:07,000,+10.319,+66.506,+17.245,+21.630,+0.1,+0.00,+0.00,+0.00,+0.00,+0.00,LLLLLLLLLL,LLLLL
452,2025-11-29 19:52:07,000,+10.094,+66.775,+17.065,+21.620,+0.0,+0.00,+0.00,+0.00,+0.00,+0.00,LLLLLLLLLL,LLLLL
453,2025-11-29 20:02:07,000,+9.863,+67.056,+16.905,+21.580,+0.1,+0.00,+0.00,+0.00,+0.01,+0.00,LLLLLLLLLL,LLLLL
454,2025-11-29 20:12:07,000,+9.656,+67.444,+16.785,+21.560,+0.0,+0.00,+0.00,+0.00,+0.00,+0.00,LLLLLLLLLL,LLLLL
455,2025-11-29 20:22:07,000,+9.494,+67.781,+16.595,+21.570,+0.0,-0.01,+0.00,+0.00,-0.01,-0.01,LLLLLLLLLL,LLLLL
456,2025-11-29 20:32:07,000,+9.381,+67.987,+16.425,+21.530,+0.0,-0.01,-0.01,+0.00,+0.00,-0.01,LLLLLLLLLL,LLLLL
457,2025-11-29 20:42:07,000,+9.231,+68.131,+16.275,+21.520,+0.1,+0.00,+0.00,+0.00,+0.00,+0.00,LLLLLLLLLL,LLLLL
458,2025-11-29 20:52:07,000,+9.062,+68.250,+16.160,+21.480,+0.0,-0.01,-0.01,-0.01,-0.01,-0.01,LLLLLLLLLL,LLLLL
459,2025-11-29 21:02:07,000,+8.931,+68.456,+16.010,+21.470,+0.1,+0.01,+0.01,+0.00,+0.01,+0.00,LLLLLLLLLL,LLLLL
460,2025-11-29 21:12:07,000,+8.806,+68.525,+15.835,+21.460,+0.0,-0.01,+0.00,+0.00,+0.00,+0.00,LLLLLLLLLL,LLLLL
461,2025-11-29 21:22:07,000,+8.663,+68.669,+15.740,+21.460,+0.1,-0.01,+0.00,+0.00,+0.00,-0.01,LLLLLLLLLL,LLLLL
462,2025-11-29 21:32:07,000,+8.525,+68.869,+15.580,+21.460,+0.0,+0.00,-0.01,+0.00,-0.01,-0.01,LLLLLLLLLL,LLLLL
463,2025-11-29 21:42:07,000,+8.431,+69.038,+15.415,+21.430,+0.1,-0.01,+0.00,+0.00,+0.00,+0.00,LLLLLLLLLL,LLLLL
464,2025-11-29 21:52:07,000,+8.331,+69.150,+15.315,+21.390,+0.1,+0.00,+0.00,+0.00,+0.00,-0.01,LLLLLLLLLL,LLLLL
465,2025-11-29 22:02:07,000,+8.256,+69.200,+15.170,+21.390,+0.0,+0.00,+0.00,+0.00,-0.01,+0.00,LLLLLLLLLL,LLLLL
466,2025-11-29 22:12:07,000,+8.156,+69.288,+15.015,+21.360,+0.1,-0.01,+0.00,+0.00,-0.01,+0.00,LLLLLLLLLL,LLLLL
467,2025-11-29 22:22:07,000,+8.062,+69.419,+14.905,+21.330,+0.1,+0.00,+0.00,+0.00,+0.00,+0.00,LLLLLLLLLL,LLLLL
468,2025-11-29 22:32:07,000,+7.987,+69.519,+14.770,+21.240,+0.1,+0.00,+0.00,+0.00,+0.00,+0.00,LLLLLLLLLL,LLLLL
469,2025-11-29 22:42:07,000,+7.869,+73.350,+14.615,+21.230,+0.1,+0.00,+0.00,+0.00,+0.00,+0.00,LLLLLLLLLL,LLLLL
470,2025-11-29 22:52:07,000,+7.794,+73.413,+14.505,+21.230,+0.1,+0.00,+0.00,+0.00,+0.00,+0.00,LLLLLLLLLL,LLLLL
471,2025-11-29 23:02:07,000,+7.706,+73.450,+14.360,+21.200,+0.0,+0.00,+0.00,+0.00,+0.00,+0.00,LLLLLLLLLL,LLLLL
472,2025-11-29 23:12:07,000,+7.625,+73.500,+14.210,+21.180,+0.1,+0.00,+0.00,+0.00,+0.00,+0.00,LLLLLLLLLL,LLLLL
473,2025-11-29 23:22:07,000,+7.531,+73.531,+14.110,+21.150,+0.1,+0.00,+0.00,+0.00,+0.00,+0.00,LLLLLLLLLL,LLLLL
474,2025-11-29 23:32:07,000,+7.450,+73.556,+13.970,+21.140,+0.1,+0.00,+0.00,+0.00,+0.00,+0.00,LLLLLLLLLL,LLLLL
475,2025-11-29 23:42:07,000,+7.325,+73.562,+13.850,+21.140,+0.1,+0.00,+0.00,+0.00,+0.00,+0.00,LLLLLLLLLL,LLLLL
476,2025-11-29 23:52:07,000,+7.175,+73.612,+13.730,+21.130,+0.1,+0.00,+0.00,+0.00,+0.00,+0.00,LLLLLLLLLL,LLLLL
477,2025-11-30 00:02:07,000,+7.075,+73.656,+13.580,+21.140,+0.1,+0.00,+0.00,+0.00,+0.00,+0.00,LLLLLLLLLL,LLLLL
478,2025-11-30 00:12:07,000,+6.906,+73.750,+13.490,+21.150,+0.1,+0.00,+0.00,+0.00,+0.00,+0.00,LLLLLLLLLL,LLLLL
479,2025-11-30 00:22:07,000,+6.769,+73.881,+13.335,+21.080,+0.1,+0.00,+0.00,+0.00,+0.00,+0.00,LLLLLLLLLL,LLLLL
480,2025-11-30 00:32:07,000,+6.656,+74.075,+13.250,+21.090,+0.0,-0.01,-0.01,-0.01,-0.01,-0.01,LLLLLLLLLL,LLLLL
481,2025-11-30 00:42:07,000,+6.556,+74.125,+13.105,+21.060,+0.1,+0.00,+0.00,+0.00,+0.00,+0.00,LLLLLLLLLL,LLLLL
482,2025-11-30 00:52:07,000,+6.462,+74.281,+12.965,+21.040,+0.0,+0.00,+0.00,+0.00,+0.00,+0.00,LLLLLLLLLL,LLLLL
483,2025-11-30 01:02:07,000,+7.087,+75.869,+12.895,+21.050,+0.1,+0.00,+0.00,+0.00,+0.00,+0.00,LLLLLLLLLL,LLLLL
484,2025-11-30 01:12:07,000,+7.631,+74.781,+12.860,+20.990,+0.1,+0.01,+0.01,+0.01,+0.01,+0.01,LLLLLLLLLL,LLLLL
485,2025-11-30 01:22:07,000,+7.625,+73.731,+12.790,+20.990,+0.1,+0.00,+0.00,+0.00,+0.00,+0.00,LLLLLLLLLL,LLLLL
486,2025-11-30 01:32:07,000,+7.387,+73.569,+12.690,+20.980,+0.0,+0.00,+0.00,+0.00,+0.00,+0.00,LLLLLLLLLL,LLLLL
487,2025-11-30 01:42:07,000,+7.400,+74.650,+12.615,+21.000,+0.1,+0.00,+0.00,+0.00,+0.00,+0.00,LLLLLLLLLL,LLLLL
488,2025-11-30 01:52:07,000,+7.969,+73.925,+12.545,+20.980,+0.1,+0.00,+0.00,+0.00,+0.00,+0.00,LLLLLLLLLL,LLLLL
489,2025-11-30 02:02:07,000,+7.938,+73.144,+12.485,+20.980,+0.1,+0.00,+0.00,+0.00,-0.01,+0.00,LLLLLLLLLL,LLLLL
490,2025-11-30 02:12:07,000,+7.600,+73.119,+12.405,+20.960,+0.1,+0.00,+0.00,+0.00,+0.00,+0.00,LLLLLLLLLL,LLLLL
491,2025-11-30 02:22:07,000,+8.081,+73.644,+12.330,+20.980,+0.1,+0.00,+0.00,+0.00,+0.00,+0.00,LLLLLLLLLL,LLLLL
492,2025-11-30 02:32:07,000,+8.200,+73.075,+12.285,+20.930,-0.2,+0.00,+0.00,+0.00,+0.00,+0.00,LLLLLLLLLL,LLLLL
493,2025-11-30 02:42:07,000,+8.044,+73.281,+12.210,+20.920,+0.0,+0.00,+0.00,+0.00,+0.00,+0.00,LLLLLLLLLL,LLLLL
494,2025-11-30 02:52:07,000,+8.400,+72.881,+12.125,+20.910,+0.0,+0.00,+0.00,+0.00,+0.00,+0.00,LLLLLLLLLL,LLLLL
495,2025-11-30 03:02:07,000,+8.375,+72.263,+12.050,+20.910,+0.0,+0.00,+0.00,+0.00,+0.00,-0.01,LLLLLLLLLL,LLLLL
496,2025-11-30 03:12:07,000,+8.450,+72.750,+12.005,+20.910,+0.0,+0.00,+0.00,+0.00,+0.00,+0.00,LLLLLLLLLL,LLLLL
497,2025-11-30 03:22:07,000,+8.512,+72.325,+11.930,+20.910,+0.1,+0.00,+0.00,-0.01,-0.01,+0.00,LLLLLLLLLL,LLLLL
498,2025-11-30 03:32:07,000,+8.319,+72.606,+11.880,+20.910,+0.1,+0.00,+0.00,+0.00,+0.00,+0.00,LLLLLLLLLL,LLLLL
499,2025-11-30 03:42:07,000,+8.575,+72.437,+11.850,+20.910,+0.0,+0.01,+0.01,+0.01,+0.01,+0.01,LLLLLLLLLL,LLLLL
500,2025-11-30 03:52:07,000,+8.512,+71.856,+11.800,+20.890,+0.1,+0.00,+0.00,+0.00,+0.00,+0.00,LLLLLLLLLL,LLLLL
501,2025-11-30 04:02:07,000,+8.594,+72.369,+11.700,+20.890,+0.2,+0.00,+0.00,+0.00,+0.00,+0.00,LLLLLLLLLL,LLLLL
502,2025-11-30 04:12:07,000,+8.612,+72.006,+11.685,+20.880,+0.1,+0.01,+0.01,+0.01,+0.01,+0.01,LLLLLLLLLL,LLLLL
503,2025-11-30 04:22:07,000,+8.450,+72.456,+11.615,+20.820,+0.0,+0.01,+0.00,+0.00,+0.01,+0.01,LLLLLLLLLL,LLLLL
504,2025-11-30 04:32:07,000,+8.712,+72.088,+11.610,+20.870,+0.1,-0.01,+0.00,+0.00,+0.00,+0.00,LLLLLLLLLL,LLLLL
505,2025-11-30 04:42:07,000,+8.625,+71.600,+11.525,+20.800,+0.2,+0.01,+0.01,+0.01,+0.01,+0.01,LLLLLLLLLL,LLLLL
506,2025-11-30 04:52:07,000,+8.625,+72.231,+11.470,+20.760,+0.1,+0.01,+0.01,+0.01,+0.01,+0.01,LLLLLLLLLL,LLLLL
507,2025-11-30 05:02:07,000,+8.675,+71.794,+11.445,+20.750,+0.1,+0.01,+0.01,+0.01,+0.01,+0.00,LLLLLLLLLL,LLLLL
508,2025-11-30 05:12:07,000,+8.469,+72.031,+11.405,+20.750,+0.0,+0.00,+0.00,-0.01,-0.01,+0.00,LLLLLLLLLL,LLLLL
509,2025-11-30 05:22:07,000,+8.738,+71.838,+11.370,+20.750,+0.0,+0.00,+0.00,+0.00,+0.00,+0.00,LLLLLLLLLL,LLLLL
510,2025-11-30 05:32:07,000,+8.631,+71.325,+11.280,+20.740,+0.1,+0.01,+0.00,+0.01,+0.01,+0.01,LLLLLLLLLL,LLLLL
511,2025-11-30 05:42:07,000,+8.744,+71.888,+11.250,+20.780,+0.0,+0.01,+0.01,+0.01,+0.01,+0.01,LLLLLLLLLL,LLLLL
512,2025-11-30 05:52:07,000,+8.744,+71.481,+11.245,+20.740,+0.1,+0.00,+0.00,+0.00,+0.00,+0.00,LLLLLLLLLL,LLLLL
513,2025-11-30 06:02:07,000,+8.519,+72.025,+11.210,+20.750,+0.2,+0.00,+0.00,+0.00,+0.00,-0.01,LLLLLLLLLL,LLLLL
514,2025-11-30 06:12:07,000,+8.756,+71.694,+11.175,+20.750,+0.1,+0.01,+0.01,+0.01,+0.01,+0.01,LLLLLLLLLL,LLLLL
515,2025-11-30 06:22:07,000,+8.663,+71.300,+11.115,+20.740,+0.4,+0.00,+0.01,+0.01,+0.01,+0.01,LLLLLLLLLL,LLLLL
516,2025-11-30 06:32:07,000,+8.750,+71.819,+11.060,+20.740,+1.2,+0.01,+0.00,+0.01,+0.01,+0.01,LLLLLLLLLL,LLLLL
517,2025-11-30 06:42:07,000,+8.825,+71.531,+11.045,+20.730,+4.0,+0.00,-0.01,+0.00,+0.00,+0.00,LLLLLLLLLL,LLLLL
518,2025-11-30 06:52:07,000,+8.675,+71.463,+11.035,+20.730,+9.9,+0.01,+0.00,+0.01,+0.01,+0.01,LLLLLLLLLL,LLLLL
519,2025-11-30 07:02:07,000,+8.650,+71.975,+11.015,+20.730,+15.6,+0.00,+0.01,+0.01,+0.01,+0.01,LLLLLLLLLL,LLLLL
520,2025-11-30 07:12:07,000,+8.900,+72.531,+11.060,+20.730,+21.0,-0.01,-0.01,+0.00,-0.01,+0.00,LLLLLLLLLL,LLLLL
521,2025-11-30 07:22:07,000,+9.306,+72.719,+11.105,+20.710,+26.2,-0.01,-0.01,-0.01,+0.00,-0.01,LLLLLLLLLL,LLLLL
522,2025-11-30 07:32:07,000,+9.900,+72.969,+11.235,+20.760,+30.4,-0.01,-0.01,-0.01,-0.01,-0.01,LLLLLLLLLL,LLLLL
523,2025-11-30 07:42:07,000,+10.725,+73.037,+11.415,+20.740,+34.4,+0.00,+0.00,+0.00,+0.00,+0.00,LLLLLLLLLL,LLLLL
524,2025-11-30 07:52:07,000,+11.763,+72.831,+11.570,+20.820,+37.5,-0.01,+0.00,-0.01,+0.00,-0.01,LLLLLLLLLL,LLLLL
525,2025-11-30 08:02:07,000,+12.956,+72.350,+11.790,+20.820,+41.0,+0.00,+0.00,+0.00,+0.00,+0.00,LLLLLLLLLL,LLLLL
526,2025-11-30 08:12:07,000,+14.237,+71.706,+12.075,+20.850,+44.6,+0.00,+0.00,+0.00,+0.00,+0.00,LLLLLLLLLL,LLLLL
527,2025-11-30 08:22:07,000,+15.569,+65.419,+12.370,+21.030,+49.6,+0.00,+0.00,+0.00,+0.00,+0.00,LLLLLLLLLL,LLLLL
528,2025-11-30 08:32:07,000,+16.931,+64.994,+12.845,+21.030,+52.9,+0.00,+0.00,+0.00,+0.00,+0.00,LLLLLLLLLL,LLLLL
529,2025-11-30 08:42:07,000,+18.294,+64.538,+13.215,+21.130,+62.6,+0.00,+0.00,+0.00,+0.00,+0.00,LLLLLLLLLL,LLLLL
530,2025-11-30 08:52:07,000,+19.694,+64.138,+13.625,+21.150,+64.2,+0.00,+0.00,+0.00,+0.00,+0.00,LLLLLLLLLL,LLLLL
531,2025-11-30 09:02:07,000,+21.050,+63.644,+14.090,+21.170,+67.2,-0.01,-0.01,+0.00,+0.00,-0.01,LLLLLLLLLL,LLLLL
532,2025-11-30 09:12:07,000,+22.344,+63.219,+14.495,+21.240,+68.9,+0.00,+0.00,+0.00,+0.00,+0.00,LLLLLLLLLL,LLLLL
533,2025-11-30 09:22:07,000,+23.588,+62.806,+14.890,+21.260,+72.4,+0.00,+0.00,+0.00,-0.01,+0.00,LLLLLLLLLL,LLLLL
534,2025-11-30 09:32:07,000,+24.769,+62.206,+15.290,+21.260,+73.5,+0.00,+0.00,+0.00,+0.00,+0.00,LLLLLLLLLL,LLLLL
535,2025-11-30 09:42:07,000,+25.869,+61.312,+15.610,+21.490,+71.6,+0.00,+0.00,+0.00,+0.00,+0.00,LLLLLLLLLL,LLLLL
536,2025-11-30 09:52:07,000,+26.881,+59.256,+15.910,+21.580,+69.8,+0.01,+0.01,+0.01,+0.01,+0.01,LLLLLLLLLL,LLLLL
537,2025-11-30 10:02:07,000,+27.781,+56.769,+16.160,+21.580,+65.8,+0.00,+0.00,+0.00,+0.00,+0.00,LLLLLLLLLL,LLLLL
538,2025-11-30 10:12:07,000,+28.550,+55.350,+16.450,+21.660,+75.0,+0.00,+0.00,+0.00,+0.00,+0.00,LLLLLLLLLL,LLLLL
539,2025-11-30 10:22:07,000,+29.200,+54.425,+16.715,+21.670,+81.5,+0.00,+0.00,+0.00,+0.00,+0.00,LLLLLLLLLL,LLLLL
540,2025-11-30 10:32:07,000,+29.731,+52.331,+16.985,+21.670,+83.8,+0.00,+0.00,+0.00,+0.00,+0.00,LLLLLLLLLL,LLLLL
541,2025-11-30 10:42:07,000,+30.225,+51.294,+17.305,+21.680,+84.1,+0.00,+0.01,+0.00,+0.01,+0.01,LLLLLLLLLL,LLLLL
542,2025-11-30 10:52:07,000,+30.731,+50.406,+17.600,+21.750,+85.5,+0.01,+0.00,+0.00,+0.01,+0.00,LLLLLLLLLL,LLLLL
543,2025-11-30 11:02:07,000,+31.256,+49.881,+17.930,+21.770,+87.9,+0.00,+0.00,+0.00,+0.00,+0.00,LLLLLLLLLL,LLLLL
544,2025-11-30 11:12:07,000,+31.794,+49.388,+18.230,+21.800,+87.8,+0.00,+0.00,+0.00,+0.00,+0.00,LLLLLLLLLL,LLLLL
545,2025-11-30 11:22:07,000,+32.319,+47.856,+18.550,+21.850,+89.9,-0.01,-0.01,-0.01,-0.01,-0.01,LLLLLLLLLL,LLLLL
546,2025-11-30 11:32:07,000,+32.825,+47.831,+18.835,+21.850,+93.2,+0.00,+0.00,+0.00,+0.00,+0.00,LLLLLLLLLL,LLLLL
547,2025-11-30 11:42:07,000,+33.275,+46.725,+19.130,+21.930,+95.9,+0.00,-0.01,+0.00,+0.00,-0.01,LLLLLLLLLL,LLLLL
548,2025-11-30 11:52:07,000,+33.700,+45.700,+19.410,+22.010,+98.8,-0.01,-0.01,-0.01,-0.01,-0.01,LLLLLLLLLL,LLLLL
549,2025-11-30 12:02:07,000,+34.094,+45.219,+19.700,+22.010,+101.5,+0.00,+0.00,+0.00,+0.00,+0.00,LLLLLLLLLL,LLLLL
550,2025-11-30 12:12:07,000,+34.450,+43.369,+20.005,+22.090,+103.8,+0.00,+0.00,+0.00,+0.00,+0.00,LLLLLLLLLL,LLLLL
551,2025-11-30 12:22:07,000,+34.763,+41.594,+20.280,+22.100,+106.1,+0.01,+0.00,+0.01,+0.01,+0.01,LLLLLLLLLL,LLLLL
552,2025-11-30 12:32:07,000,+35.019,+41.856,+20.575,+22.090,+107.6,-0.01,-0.01,-0.01,-0.01,+0.00,LLLLLLLLLL,LLLLL
553,2025-11-30 12:42:07,000,+35.219,+38.519,+20.845,+22.100,+108.0,-0.01,-0.01,-0.01,-0.01,-0.01,LLLLLLLLLL,LLLLL
554,2025-11-30 12:52:07,000,+35.362,+38.794,+21.110,+22.160,+107.6,+0.01,+0.00,+0.00,+0.00,+0.00,LLLLLLLLLL,LLLLL
555,2025-11-30 13:02:07,000,+35.475,+38.981,+21.360,+22.160,+106.8,+0.00,+0.00,+0.00,+0.00,+0.00,LLLLLLLLLL,LLLLL
556,2025-11-30 13:12:07,000,+35.550,+39.575,+21.635,+22.160,+105.2,+0.00,+0.00,+0.00,+0.00,+0.00,LLLLLLLLLL,LLLLL
557,2025-11-30 13:22:07,000,+35.556,+39.406,+21.895,+22.210,+103.6,+0.00,+0.00,+0.00,+0.00,+0.00,LLLLLLLLLL,LLLLL
558,2025-11-30 13:32:07,000,+35.519,+39.850,+22.125,+22.230,+102.8,+0.00,+0.00,+0.00,+0.00,+0.00,LLLLLLLLLL,LLLLL
559,2025-11-30 13:42:07,000,+35.450,+40.538,+22.360,+22.240,+100.6,+0.00,+0.00,+0.00,+0.00,+0.00,LLLLLLLLLL,LLLLL
560,2025-11-30 13:52:07,000,+35.331,+41.494,+22.580,+22.230,+96.5,+0.00,+0.00,+0.00,+0.00,+0.00,LLLLLLLLLL,LLLLL
561,2025-11-30 14:02:07,000,+35.225,+43.400,+22.780,+22.240,+90.4,+0.00,+0.00,+0.00,+0.00,+0.00,LLLLLLLLLL,LLLLL
562,2025-11-30 14:12:07,000,+35.031,+42.850,+22.965,+22.230,+76.4,+0.00,+0.00,+0.00,+0.00,+0.00,LLLLLLLLLL,LLLLL
563,2025-11-30 14:22:07,000,+34.681,+43.937,+23.115,+22.220,+59.1,+0.00,+0.00,+0.00,+0.00,+0.00,LLLLLLLLLL,LLLLL
564,2025-11-30 14:32:07,000,+34.225,+44.056,+23.270,+22.220,+71.0,+0.00,+0.00,+0.00,+0.00,+0.00,LLLLLLLLLL,LLLLL
565,2025-11-30 14:42:07,000,+33.744,+44.394,+23.360,+22.220,+72.2,+0.00,+0.00,-0.01,+0.00,-0.01,LLLLLLLLLL,LLLLL
566,2025-11-30 14:52:07,000,+33.194,+44.519,+23.470,+22.340,+70.6,+0.00,+0.00,+0.00,+0.00,+0.00,LLLLLLLLLL,LLLLL
567,2025-11-30 15:02:07,000,+32.600,+45.406,+23.550,+22.360,+64.1,+0.00,+0.00,+0.00,+0.00,+0.00,LLLLLLLLLL,LLLLL
568,2025-11-30 15:12:07,000,+31.937,+45.519,+23.585,+22.350,+53.9,+0.00,+0.00,+0.00,+0.00,+0.00,LLLLLLLLLL,LLLLL
569,2025-11-30 15:22:07,000,+31.144,+45.369,+23.660,+22.340,+39.8,+0.00,+0.00,+0.00,+0.00,+0.00,LLLLLLLLLL,LLLLL
570,2025-11-30 15:32:07,000,+30.281,+45.875,+23.655,+22.300,+29.1,+0.00,-0.01,+0.00,+0.00,+0.00,LLLLLLLLLL,LLLLL
571,2025-11-30 15:42:07,000,+29.312,+47.450,+23.650,+22.340,+19.4,+0.00,+0.00,+0.00,+0.00,+0.00,LLLLLLLLLL,LLLLL
572,2025-11-30 15:52:07,000,+28.187,+49.494,+23.585,+22.310,+7.2,+0.01,+0.01,+0.00,+0.00,+0.00,LLLLLLLLLL,LLLLL
573,2025-11-30 16:02:07,000,+26.969,+51.406,+23.515,+22.280,+5.5,+0.00,+0.00,+0.00,+0.00,+0.00,LLLLLLLLLL,LLLLL
574,2025-11-30 16:12:07,000,+25.494,+54.075,+23.345,+22.220,+4.0,+0.00,+0.01,+0.01,+0.00,+0.00,LLLLLLLLLL,LLLLL
575,2025-11-30 16:22:07,000,+24.050,+56.675,+23.170,+22.110,+2.6,+0.00,+0.00,+0.00,+0.00,+0.00,LLLLLLLLLL,LLLLL
576,2025-11-30 16:32:07,000,+22.687,+58.831,+22.965,+22.110,+1.4,+0.00,+0.00,+0.00,+0.01,+0.00,LLLLLLLLLL,LLLLL
577,2025-11-30 16:42:07,000,+21.400,+60.500,+22.755,+22.100,+0.5,+0.00,+0.00,+0.00,+0.00,+0.00,LLLLLLLLLL,LLLLL
578,2025-11-30 16:52:07,000,+20.213,+62.275,+22.575,+22.090,+0.1,+0.00,+0.00,+0.01,+0.00,+0.00,LLLLLLLLLL,LLLLL
579,2025-11-30 17:02:07,000,+19.106,+63.069,+22.375,+22.060,+0.1,+0.00,+0.00,+0.00,+0.00,+0.00,LLLLLLLLLL,LLLLL
580,2025-11-30 17:12:07,000,+18.019,+64.031,+22.150,+22.010,+0.1,+0.00,+0.00,+0.00,+0.00,+0.00,LLLLLLLLLL,LLLLL
581,2025-11-30 17:22:07,000,+17.019,+64.513,+21.890,+22.020,+0.1,+0.00,+0.00,+0.00,+0.00,+0.00,LLLLLLLLLL,LLLLL
582,2025-11-30 17:32:07,000,+16.194,+64.875,+21.645,+22.000,+0.1,+0.01,+0.01,+0.01,+0.01,+0.01,LLLLLLLLLL,LLLLL
583,2025-11-30 17:42:07,000,+15.513,+65.194,+21.395,+21.990,+0.1,+0.00,+0.00,+0.01,+0.00,+0.00,LLLLLLLLLL,LLLLL
584,2025-11-30 17:52:07,000,+14.950,+65.388,+21.185,+21.990,+0.0,+0.00,+0.00,-0.01,+0.00,-0.01,LLLLLLLLLL,LLLLL
585,2025-11-30 18:02:07,000,+14.462,+65.575,+20.935,+21.970,+0.1,+0.00,-0.01,+0.00,+0.00,+0.00,LLLLLLLLLL,LLLLL
586,2025-11-30 18:12:07,000,+14.013,+65.656,+20.660,+21.910,+0.1,+0.01,+0.01,+0.01,+0.01,+0.01,LLLLLLLLLL,LLLLL
587,2025-11-30 18:22:07,000,+13.675,+65.681,+20.385,+21.900,+0.1,+0.00,+0.00,+0.00,+0.00,+0.00,LLLLLLLLLL,LLLLL
588,2025-11-30 18:32:07,000,+13.431,+65.675,+20.160,+21.890,+0.1,+0.00,+0.00,+0.00,+0.00,+0.00,LLLLLLLLLL,LLLLL
589,2025-11-30 18:42:07,000,+13.187,+65.694,+19.940,+21.890,+0.0,+0.00,+0.00,+0.00,+0.00,+0.00,LLLLLLLLLL,LLLLL
590,2025-11-30 18:52:07,000,+12.900,+65.713,+19.730,+21.850,+0.1,+0.00,+0.00,+0.01,+0.00,+0.01,LLLLLLLLLL,LLLLL
591,2025-11-30 19:02:07,000,+12.631,+65.713,+19.535,+21.810,+0.1,-0.01,-0.01,+0.00,+0.00,-0.01,LLLLLLLLLL,LLLLL
592,2025-11-30 19:12:07,000,+12.419,+65.731,+19.340,+21.810,+0.0,+0.00,+0.00,-0.01,+0.00,+0.00,LLLLLLLLLL,LLLLL
593,2025-11-30 19:22:07,000,+12.212,+65.794,+19.150,+21.810,+0.0,+0.01,+0.00,+0.00,+0.01,+0.01,LLLLLLLLLL,LLLLL
594,2025-11-30 19:32:07,000,+11.994,+65.950,+18.960,+21.670,+0.2,+0.00,+0.00,-0.01,+0.00,+0.00,LLLLLLLLLL,LLLLL
595,2025-11-30 19:42:07,000,+11.788,+66.094,+18.760,+21.640,+0.0,+0.00,+0.00,+0.00,+0.00,-0.01,LLLLLLLLLL,LLLLL
596,2025-11-30 19:52:07,000,+11.631,+66.231,+18.630,+21.640,+0.1,+0.00,+0.00,+0.00,+0.00,+0.00,LLLLLLLLLL,LLLLL
597,2025-11-30 20:02:07,000,+11.463,+66.412,+18.455,+21.630,+0.1,+0.00,+0.00,+0.00,+0.00,+0.00,LLLLLLLLLL,LLLLL
598,2025-11-30 20:12:07,000,+11.306,+66.687,+18.320,+21.570,+0.1,+0.00,+0.00,+0.00,+0.00,+0.00,LLLLLLLLLL,LLLLL
599,2025-11-30 20:22:07,000,+11.169,+66.781,+18.160,+21.600,+0.2,+0.00,+0.00,+0.00,+0.00,+0.00,LLLLLLLLLL,LLLLL
600,2025-11-30 20:32:07,000,+11.006,+67.013,+18.025,+21.570,+0.0,+0.00,+0.00,+0.00,+0.00,+0.00,LLLLLLLLLL,LLLLL
601,2025-11-30 20:42:07,000,+10.844,+67.219,+17.840,+21.570,+0.0,+0.00,+0.00,+0.00,+0.00,+0.00,LLLLLLLLLL,LLLLL
602,2025-11-30 20:52:07,000,+10.681,+67.500,+17.710,+21.560,+0.0,+0.00,+0.00,+0.00,+0.00,+0.00,LLLLLLLLLL,LLLLL
603,2025-11-30 21:02:07,000,+10.544,+67.681,+17.590,+21.540,+0.1,+0.00,+0.00,+0.00,+0.00,+0.00,LLLLLLLLLL,LLLLL
604,2025-11-30 21:12:07,000,+10.400,+67.775,+17.430,+21.540,+0.1,+0.00,+0.00,+0.00,+0.00,+0.00,LLLLLLLLLL,LLLLL
605,2025-11-30 21:22:07,000,+10.288,+67.969,+17.305,+21.470,+0.1,+0.00,+0.00,+0.00,+0.00,+0.00,LLLLLLLLLL,LLLLL
606,2025-11-30 21:32:07,000,+10.169,+68.231,+17.185,+21.470,+0.1,+0.00,+0.01,+0.00,+0.00,+0.00,LLLLLLLLLL,LLLLL
607,2025-11-30 21:42:07,000,+10.050,+68.388,+17.025,+21.490,+0.1,-0.01,-0.01,-0.01,-0.01,-0.01,LLLLLLLLLL,LLLLL
608,2025-11-30 21:52:07,000,+9.975,+68.594,+16.870,+21.460,+0.1,+0.00,+0.00,+0.00,+0.00,+0.01,LLLLLLLLLL,LLLLL
609,2025-11-30 22:02:07,000,+9.888,+68.800,+16.760,+21.440,+0.0,-0.01,-0.01,-0.01,-0.01,-0.01,LLLLLLLLLL,LLLLL
610,2025-11-30 22:12:07,000,+9.806,+68.906,+16.615,+21.390,+0.0,+0.00,+0.00,+0.00,+0.00,+0.00,LLLLLLLLLL,LLLLL
611,2025-11-30 22:22:07,000,+9.694,+68.956,+16.455,+21.390,+0.0,+0.00,+0.00,+0.00,+0.00,+0.00,LLLLLLLLLL,LLLLL
612,2025-11-30 22:32:07,000,+9.581,+69.112,+16.340,+21.390,+0.2,+0.00,+0.00,+0.00,+0.00,+0.01,LLLLLLLLLL,LLLLL
613,2025-11-30 22:42:07,000,+9.463,+69.250,+16.180,+21.340,+0.1,+0.00,+0.00,+0.00,+0.00,+0.00,LLLLLLLLLL,LLLLL
614,2025-11-30 22:52:07,000,+9.375,+69.425,+16.025,+21.340,+0.0,+0.00,+0.01,+0.00,+0.01,+0.01,LLLLLLLLLL,LLLLL
615,2025-11-30 23:02:07,000,+9.275,+69.650,+15.865,+21.310,+0.1,-0.01,-0.01,-0.01,+0.00,-0.01,LLLLLLLLLL,LLLLL
616,2025-11-30 23:12:07,000,+9.150,+73.588,+15.770,+21.230,+0.1,+0.00,+0.00,+0.00,+0.01,+0.00,LLLLLLLLLL,LLLLL
617,2025-11-30 23:22:07,000,+9.081,+73.694,+15.620,+21.230,+0.0,+0.00,-0.01,-0.01,-0.01,-0.01,LLLLLLLLLL,LLLLL
618,2025-11-30 23:32:07,000,+9.019,+73.831,+15.505,+21.210,+0.1,+0.00,+0.00,+0.00,+0.00,+0.01,LLLLLLLLLL,LLLLL
619,2025-11-30 23:42:07,000,+8.969,+73.925,+15.380,+21.150,+0.0,-0.01,+0.00,-0.01,-0.01,-0.01,LLLLLLLLLL,LLLLL
620,2025-11-30 23:52:07,000,+8.938,+73.981,+15.265,+21.160,+0.0,+0.01,+0.00,+0.01,+0.00,+0.01,LLLLLLLLLL,LLLLL
621,2025-12-01 00:02:07,000,+8.894,+73.950,+15.135,+21.150,+0.0,+0.01,+0.01,+0.01,+0.00,+0.00,LLLLLLLLLL,LLLLL
622,2025-12-01 00:12:07,000,+8.781,+73.875,+15.015,+21.150,+0.0,+0.01,+0.01,+0.01,+0.00,+0.00,LLLLLLLLLL,LLLLL
623,2025-12-01 00:22:07,000,+8.625,+73.850,+14.900,+21.140,+0.0,+0.00,+0.00,+0.00,+0.01,+0.01,LLLLLLLLLL,LLLLL
624,2025-12-01 00:32:07,000,+8.469,+73.937,+14.775,+21.090,+0.0,+0.00,+0.01,+0.01,+0.00,+0.00,LLLLLLLLLL,LLLLL
625,2025-12-01 00:42:07,000,+8.369,+74.000,+14.610,+21.130,+0.0,+0.01,+0.00,+0.00,+0.00,+0.01,LLLLLLLLLL,LLLLL
626,2025-12-01 00:52:07,000,+8.256,+74.056,+14.535,+21.070,+0.0,+0.01,+0.01,+0.00,+0.00,+0.01,LLLLLLLLLL,LLLLL
627,2025-12-01 01:02:07,000,+8.150,+74.106,+14.375,+21.060,+0.0,+0.00,+0.01,+0.01,+0.00,+0.00,LLLLLLLLLL,LLLLL
628,2025-12-01 01:12:07,000,+8.087,+74.150,+14.290,+21.030,+0.0,+0.00,+0.00,+0.00,+0.00,+0.00,LLLLLLLLLL,LLLLL
629,2025-12-01 01:22:07,000,+8.012,+74.138,+14.150,+21.020,+0.0,+0.00,+0.00,-0.01,+0.00,+0.00,LLLLLLLLLL,LLLLL
630,2025-12-01 01:32:07,000,+7.887,+74.138,+14.050,+21.040,+0.0,+0.00,+0.00,-0.01,+0.00,+0.00,LLLLLLLLLL,LLLLL
631,2025-12-01 01:42:07,000,+7.775,+74.169,+13.915,+21.040,+0.0,-0.01,-0.01,+0.00,+0.00,+0.00,LLLLLLLLLL,LLLLL
632,2025-12-01 01:52:07,000,+7.669,+74.138,+13.775,+21.030,+0.0,+0.00,+0.00,+0.00,+0.00,+0.00,LLLLLLLLLL,LLLLL
633,2025-12-01 02:02:07,000,+7.531,+74.106,+13.690,+21.030,+0.1,+0.00,-0.01,+0.00,+0.00,+0.00,LLLLLLLLLL,LLLLL
634,2025-12-01 02:12:07,000,+7.369,+74.162,+13.560,+20.980,+0.1,+0.00,+0.00,+0.00,+0.00,+0.00,LLLLLLLLLL,LLLLL
635,2025-12-01 02:22:07,000,+7.231,+74.250,+13.460,+20.980,+0.0,+0.00,+0.00,+0.00,+0.00,+0.00,LLLLLLLLLL,LLLLL
636,2025-12-01 02:32:07,000,+7.156,+74.338,+13.330,+20.970,+0.0,+0.00,+0.00,+0.00,+0.00,+0.00,LLLLLLLLLL,LLLLL
637,2025-12-01 02:42:07,000,+7.069,+74.388,+13.200,+20.930,+0.1,+0.00,+0.00,+0.00,+0.00,+0.00,LLLLLLLLLL,LLLLL
638,2025-12-01 02:52:07,000,+6.987,+74.481,+13.090,+20.970,+0.1,+0.00,+0.00,+0.00,+0.00,+0.00,LLLLLLLLLL,LLLLL
639,2025-12-01 03:02:07,000,+6.944,+74.456,+12.975,+20.960,+0.1,+0.00,+0.00,+0.00,+0.00,+0.00,LLLLLLLLLL,LLLLL
640,2025-12-01 03:12:07,000,+6.850,+74.462,+12.875,+20.960,+0.1,+0.00,+0.00,+0.00,+0.00,+0.00,LLLLLLLLLL,LLLLL
641,2025-12-01 03:22:07,000,+6.763,+74.444,+12.760,+20.910,+0.1,+0.00,+0.00,+0.00,+0.00,+0.00,LLLLLLLLLL,LLLLL
642,2025-12-01 03:32:07,000,+6.675,+74.475,+12.650,+20.900,+0.1,+0.00,+0.00,+0.00,+0.00,+0.00,LLLLLLLLLL,LLLLL
643,2025-12-01 03:42:07,000,+6.594,+74.513,+12.525,+20.910,+0.1,+0.00,+0.00,+0.00,+0.00,+0.00,LLLLLLLLLL,LLLLL
644,2025-12-01 03:52:07,000,+6.519,+74.550,+12.445,+20.870,+0.1,+0.00,+0.00,+0.00,+0.00,+0.00,LLLLLLLLLL,LLLLL
645,2025-12-01 04:02:07,000,+6.906,+76.188,+12.330,+20.910,+0.1,+0.00,+0.00,+0.00,+0.00,+0.00,LLLLLLLLLL,LLLLL
646,2025-12-01 04:12:07,000,+7.587,+75.156,+12.330,+20.910,+0.1,+0.00,+0.00,+0.00,+0.00,+0.00,LLLLLLLLLL,LLLLL
647,2025-12-01 04:22:07,000,+7.594,+73.931,+12.285,+20.890,+0.1,+0.00,+0.00,+0.00,+0.00,+0.00,LLLLLLLLLL,LLLLL
648,2025-12-01 04:32:07,000,+7.369,+73.756,+12.200,+20.900,+0.1,+0.00,+0.00,+0.00,+0.00,+0.00,LLLLLLLLLL,LLLLL
649,2025-12-01 04:42:07,000,+7.119,+73.931,+12.085,+20.850,+0.1,+0.00,+0.00,+0.00,+0.00,+0.00,LLLLLLLLLL,LLLLL
650,2025-12-01 04:52:07,000,+7.781,+74.400,+12.055,+20.910,+0.1,+0.00,+0.00,+0.00,+0.00,+0.00,LLLLLLLLLL,LLLLL
651,2025-12-01 05:02:07,000,+7.950,+73.719,+12.040,+20.900,+0.0,+0.00,+0.00,+0.00,+0.00,+0.00,LLLLLLLLLL,LLLLL
652,2025-12-01 05:12:07,000,+7.775,+73.219,+11.925,+20.820,+0.1,+0.01,+0.01,+0.01,+0.01,+0.01,LLLLLLLLLL,LLLLL
653,2025-12-01 05:22:07,000,+7.994,+73.644,+11.885,+20.850,+0.1,+0.00,+0.00,+0.00,+0.00,+0.00,LLLLLLLLLL,LLLLL
654,2025-12-01 05:32:07,000,+7.944,+73.281,+11.840,+20.800,+0.1,+0.00,+0.00,+0.00,+0.00,+0.00,LLLLLLLLLL,LLLLL
655,2025-12-01 05:42:07,000,+7.713,+73.194,+11.770,+20.730,+0.0,+0.00,+0.00,+0.00,+0.00,+0.00,LLLLLLLLLL,LLLLL
656,2025-12-01 05:52:07,000,+7.387,+73.612,+11.685,+20.750,+0.0,-0.01,-0.01,-0.01,-0.01,-0.01,LLLLLLLLLL,LLLLL
657,2025-12-01 06:02:07,000,+7.938,+73.950,+11.660,+20.670,+0.1,+0.00,+0.00,+0.00,+0.00,+0.00,LLLLLLLLLL,LLLLL
658,2025-12-01 06:12:07,000,+8.056,+73.475,+11.640,+20.660,+0.1,+0.00,+0.00,+0.00,+0.00,+0.00,LLLLLLLLLL,LLLLL
659,2025-12-01 06:22:07,000,+8.000,+73.687,+11.530,+20.680,+0.4,+0.01,+0.01,+0.01,+0.00,+0.01,LLLLLLLLLL,LLLLL
660,2025-12-01 06:32:07,000,+8.369,+73.169,+11.530,+20.680,+1.2,+0.00,+0.00,+0.00,+0.00,+0.00,LLLLLLLLLL,LLLLL
661,2025-12-01 06:42:07,000,+8.338,+72.644,+11.490,+20.720,+3.6,+0.00,+0.00,+0.00,+0.00,+0.00,LLLLLLLLLL,LLLLL
662,2025-12-01 06:52:07,000,+8.231,+72.506,+11.450,+20.670,+15.4,+0.00,+0.00,+0.00,-0.01,+0.00,LLLLLLLLLL,LLLLL
663,2025-12-01 07:02:07,000,+8.300,+73.131,+11.430,+20.680,+20.0,+0.00,+0.00,-0.01,+0.00,-0.01,LLLLLLLLLL,LLLLL
664,2025-12-01 07:12:07,000,+8.631,+73.631,+11.460,+20.670,+17.4,+0.01,+0.00,+0.00,+0.00,+0.00,LLLLLLLLLL,LLLLL
665,2025-12-01 07:22:07,000,+8.938,+73.744,+11.495,+20.660,+12.9,+0.01,+0.00,+0.01,+0.01,+0.00,LLLLLLLLLL,LLLLL
666,2025-12-01 07:32:07,000,+9.125,+73.644,+11.490,+20.650,+14.4,+0.00,+0.00,+0.00,+0.00,+0.00,LLLLLLLLLL,LLLLL
667,2025-12-01 07:42:07,000,+9.288,+73.650,+11.495,+20.690,+18.1,-0.01,-0.01,-0.01,-0.01,-0.01,LLLLLLLLLL,LLLLL
668,2025-12-01 07:52:07,000,+9.444,+73.700,+11.510,+20.670,+10.9,+0.00,+0.00,+0.00,+0.00,+0.00,LLLLLLLLLL,LLLLL
669,2025-12-01 08:02:07,000,+9.644,+73.744,+11.535,+20.650,+16.5,+0.00,+0.00,+0.00,+0.00,+0.00,LLLLLLLLLL,LLLLL
670,2025-12-01 08:12:07,000,+9.956,+73.869,+11.630,+20.700,+49.2,+0.00,+0.00,+0.00,+0.00,+0.00,LLLLLLLLLL,LLLLL
671,2025-12-01 08:22:07,000,+10.556,+74.075,+11.805,+20.730,+52.0,+0.00,+0.00,+0.00,+0.00,+0.00,LLLLLLLLLL,LLLLL
672,2025-12-01 08:32:07,000,+11.631,+74.250,+12.165,+20.790,+53.6,+0.00,-0.01,+0.00,-0.01,+0.00,LLLLLLLLLL,LLLLL
673,2025-12-01 08:42:07,000,+13.225,+74.088,+12.580,+20.850,+63.5,+0.01,+0.01,+0.01,+0.01,+0.01,LLLLLLLLLL,LLLLL
674,2025-12-01 08:52:07,000,+15.081,+73.562,+13.080,+20.870,+65.4,+0.00,+0.01,+0.00,+0.00,+0.00,LLLLLLLLLL,LLLLL
675,2025-12-01 09:02:07,000,+16.956,+72.513,+13.585,+21.030,+68.5,+0.00,+0.00,+0.00,+0.00,+0.00,LLLLLLLLLL,LLLLL
676,2025-12-01 09:12:07,000,+18.813,+65.269,+14.010,+21.070,+69.0,-0.01,-0.01,-0.01,-0.01,-0.01,LLLLLLLLLL,LLLLL
677,2025-12-01 09:22:07,000,+20.575,+64.825,+14.400,+21.090,+73.6,+0.00,+0.00,+0.00,+0.00,+0.00,LLLLLLLLLL,LLLLL
678,2025-12-01 09:32:07,000,+22.194,+64.194,+14.835,+21.170,+73.6,+0.00,+0.00,+0.00,+0.00,+0.00,LLLLLLLLLL,LLLLL
679,2025-12-01 09:42:07,000,+23.638,+63.538,+15.120,+21.340,+72.0,+0.00,+0.00,+0.00,+0.00,+0.00,LLLLLLLLLL,LLLLL
680,2025-12-01 09:52:07,000,+24.975,+62.769,+15.455,+21.340,+69.5,+0.00,+0.00,+0.00,+0.00,+0.01,LLLLLLLLLL,LLLLL
681,2025-12-01 10:02:07,000,+26.169,+61.988,+15.720,+21.420,+65.0,+0.00,+0.00,+0.00,+0.00,+0.00,LLLLLLLLLL,LLLLL
682,2025-12-01 10:12:07,000,+26.775,+35.344,+15.875,+21.380,+74.2,-0.01,+0.00,+0.00,+0.00,+0.00,LLLLLLLLLL,LLLLL
683,2025-12-01 10:22:07,000,+25.388,+31.925,+15.750,+21.390,+81.1,+0.01,+0.01,+0.01,+0.01,+0.01,LLLLLLLLLL,LLLLL
684,2025-12-01 10:32:07,000,+24.150,+35.125,+15.755,+21.320,+84.6,+0.00,+0.00,+0.00,+0.00,+0.00,LLLLLLLLLL,LLLLL
685,2025-12-01 10:42:07,000,+23.744,+33.663,+15.830,+21.350,+84.5,+0.00,+0.00,+0.00,+0.00,+0.00,LLLLLLLLLL,LLLLL
686,2025-12-01 10:52:07,000,+23.263,+32.563,+15.890,+21.320,+85.8,-0.01,+0.00,-0.01,-0.01,-0.01,LLLLLLLLLL,LLLLL
687,2025-12-01 11:02:07,000,+23.294,+33.694,+15.935,+21.330,+87.5,+0.00,+0.00,+0.00,-0.01,+0.00,LLLLLLLLLL,LLLLL
688,2025-12-01 11:12:07,000,+23.431,+32.844,+16.035,+21.330,+87.4,+0.00,+0.00,+0.00,+0.00,+0.00,LLLLLLLLLL,LLLLL
689,2025-12-01 11:22:07,000,+24.112,+35.262,+16.120,+21.350,+88.8,+0.00,+0.00,+0.00,+0.00,+0.00,LLLLLLLLLL,LLLLL
690,2025-12-01 11:32:07,000,+24.837,+33.581,+16.315,+21.330,+91.5,+0.01,+0.01,+0.01,+0.01,+0.01,LLLLLLLLLL,LLLLL
691,2025-12-01 11:42:07,000,+25.525,+33.606,+16.515,+21.350,+94.4,+0.00,+0.00,+0.00,+0.00,+0.00,LLLLLLLLLL,LLLLL
692,2025-12-01 11:52:07,000,+26.237,+33.612,+16.730,+21.390,+96.8,+0.00,+0.00,+0.00,+0.00,+0.00,LLLLLLLLLL,LLLLL
693,2025-12-01 12:02:07,000,+26.881,+32.075,+16.950,+21.410,+99.9,+0.00,+0.01,+0.00,+0.01,+0.01,LLLLLLLLLL,LLLLL
694,2025-12-01 12:12:07,000,+27.488,+31.863,+17.165,+21.410,+102.1,-0.01,-0.01,-0.01,-0.01,-0.01,LLLLLLLLLL,LLLLL
695,2025-12-01 12:22:07,000,+28.000,+32.525,+17.360,+21.420,+103.6,+0.00,+0.00,+0.00,+0.00,+0.00,LLLLLLLLLL,LLLLL
696,2025-12-01 12:32:07,000,+28.400,+30.906,+17.520,+21.410,+105.5,+0.00,+0.00,+0.00,+0.00,+0.00,LLLLLLLLLL,LLLLL
697,2025-12-01 12:42:07,000,+28.838,+33.263,+17.735,+21.410,+104.9,+0.00,+0.00,+0.00,+0.00,+0.00,LLLLLLLLLL,LLLLL
698,2025-12-01 12:52:07,000,+29.200,+32.450,+17.970,+21.440,+104.5,+0.00,+0.00,+0.00,-0.01,+0.00,LLLLLLLLLL,LLLLL
699,2025-12-01 13:02:07,000,+29.537,+31.250,+18.180,+21.520,+103.2,-0.01,+0.00,+0.00,+0.00,-0.01,LLLLLLLLLL,LLLLL
700,2025-12-01 13:12:07,000,+29.819,+32.325,+18.420,+21.570,+101.2,+0.01,+0.00,+0.01,+0.00,+0.00,LLLLLLLLLL,LLLLL
701,2025-12-01 13:22:07,000,+28.937,+31.263,+18.610,+21.490,+99.9,+0.00,+0.00,+0.00,+0.00,+0.00,LLLLLLLLLL,LLLLL
702,2025-12-01 13:32:07,000,+27.119,+36.950,+18.730,+21.450,+98.2,-0.01,-0.01,-0.01,-0.01,-0.01,LLLLLLLLLL,LLLLL
703,2025-12-01 13:42:07,000,+26.425,+37.594,+18.895,+21.560,+95.9,-0.01,+0.00,-0.01,-0.01,-0.01,LLLLLLLLLL,LLLLL
704,2025-12-01 13:52:07,000,+26.225,+37.956,+19.010,+21.550,+90.4,+0.01,+0.00,+0.01,+0.01,+0.01,LLLLLLLLLL,LLLLL
705,2025-12-01 14:02:07,000,+26.225,+37.925,+19.160,+21.560,+85.6,+0.00,+0.00,+0.00,+0.00,+0.00,LLLLLLLLLL,LLLLL
706,2025-12-01 14:12:07,000,+26.213,+39.994,+19.300,+21.560,+73.4,+0.00,+0.00,+0.00,+0.00,+0.00,LLLLLLLLLL,LLLLL
707,2025-12-01 14:22:07,000,+26.363,+39.038,+19.420,+21.540,+57.6,+0.00,+0.00,+0.00,-0.01,+0.00,LLLLLLLLLL,LLLLL
708,2025-12-01 14:32:07,000,+26.506,+39.056,+19.580,+21.610,+68.1,+0.00,-0.01,+0.00,+0.00,+0.00,LLLLLLLLLL,LLLLL
709,2025-12-01 14:42:07,000,+26.600,+41.806,+19.760,+21.630,+56.2,+0.00,+0.00,-0.01,+0.00,-0.01,LLLLLLLLLL,LLLLL
710,2025-12-01 14:52:07,000,+26.569,+41.013,+19.875,+21.630,+62.6,+0.00,+0.01,+0.00,+0.00,+0.01,LLLLLLLLLL,LLLLL
711,2025-12-01 15:02:07,000,+26.487,+43.238,+20.045,+21.620,+45.4,+0.01,+0.00,+0.00,+0.00,+0.00,LLLLLLLLLL,LLLLL
712,2025-12-01 15:12:07,000,+26.469,+44.263,+20.205,+21.630,+43.1,+0.00,+0.00,+0.00,+0.00,+0.01,LLLLLLLLLL,LLLLL
713,2025-12-01 15:22:07,000,+26.356,+48.169,+20.280,+21.650,+22.6,+0.00,+0.00,+0.00,+0.00,+0.00,LLLLLLLLLL,LLLLL
714,2025-12-01 15:32:07,000,+25.944,+49.606,+20.395,+21.660,+21.0,+0.00,-0.01,+0.00,-0.01,+0.00,LLLLLLLLLL,LLLLL
715,2025-12-01 15:42:07,000,+25.375,+51.469,+20.430,+21.680,+14.3,+0.01,+0.01,+0.01,+0.01,+0.00,LLLLLLLLLL,LLLLL
716,2025-12-01 15:52:07,000,+24.663,+54.950,+20.415,+21.670,+12.1,+0.00,+0.00,+0.00,+0.00,+0.00,LLLLLLLLLL,LLLLL
717,2025-12-01 16:02:07,000,+23.856,+56.187,+20.420,+21.660,+9.1,+0.00,+0.00,+0.00,+0.00,+0.00,LLLLLLLLLL,LLLLL
718,2025-12-01 16:12:07,000,+23.050,+58.750,+20.410,+21.690,+4.1,+0.01,+0.01,+0.00,+0.00,+0.00,LLLLLLLLLL,LLLLL
719,2025-12-01 16:22:07,000,+22.263,+60.994,+20.375,+21.650,+1.1,+0.00,+0.00,+0.00,+0.00,+0.00,LLLLLLLLLL,LLLLL
720,2025-12-01 16:32:07,000,+21.450,+62.513,+20.320,+21.630,+0.5,+0.00,+0.00,+0.00,+0.00,+0.00,LLLLLLLLLL,LLLLL
721,2025-12-01 16:42:07,000,+20.650,+63.519,+20.225,+21.680,+0.4,+0.01,+0.00,+0.00,+0.00,+0.00,LLLLLLLLLL,LLLLL
722,2025-12-01 16:52:07,000,+19.875,+64.044,+20.160,+21.690,+0.0,+0.00,+0.00,+0.00,+0.00,+0.00,LLLLLLLLLL,LLLLL
723,2025-12-01 17:02:07,000,+19.169,+64.406,+20.085,+21.690,+0.1,+0.00,+0.00,+0.00,+0.00,+0.00,LLLLLLLLLL,LLLLL
724,2025-12-01 17:12:07,000,+18.531,+64.719,+19.985,+21.670,+0.1,+0.00,+0.00,+0.00,+0.00,+0.00,LLLLLLLLLL,LLLLL
725,2025-12-01 17:22:07,000,+17.956,+64.994,+19.910,+21.640,+0.1,+0.00,+0.00,+0.01,+0.00,+0.00,LLLLLLLLLL,LLLLL
726,2025-12-01 17:32:07,000,+17.469,+65.213,+19.795,+21.620,+0.0,+0.00,+0.00,-0.01,+0.00,+0.00,LLLLLLLLLL,LLLLL
727,2025-12-01 17:42:07,000,+17.006,+65.325,+19.730,+21.610,+0.1,-0.01,-0.01,-0.01,-0.01,-0.01,LLLLLLLLLL,LLLLL
728,2025-12-01 17:52:07,000,+16.562,+65.362,+19.625,+21.610,+0.1,+0.00,+0.00,+0.00,+0.00,+0.00,LLLLLLLLLL,LLLLL
729,2025-12-01 18:02:07,000,+16.200,+65.388,+19.540,+21.620,+0.1,+0.00,+0.00,+0.00,+0.00,+0.00,LLLLLLLLLL,LLLLL
730,2025-12-01 18:12:07,000,+15.881,+65.419,+19.385,+21.600,+0.2,+0.00,+0.00,+0.00,+0.00,+0.00,LLLLLLLLLL,LLLLL
731,2025-12-01 18:22:07,000,+15.550,+65.513,+19.300,+21.600,+0.1,+0.00,+0.00,+0.00,+0.00,+0.00,LLLLLLLLLL,LLLLL
732,2025-12-01 18:32:07,000,+15.250,+65.769,+19.180,+21.590,+0.0,-0.01,-0.01,-0.01,-0.01,-0.01,LLLLLLLLLL,LLLLL
733,2025-12-01 18:42:07,000,+14.925,+65.812,+19.080,+21.570,-0.2,+0.01,+0.00,+0.01,+0.01,+0.01,LLLLLLLLLL,LLLLL
734,2025-12-01 18:52:07,000,+14.669,+66.044,+18.940,+21.570,+0.0,+0.00,+0.00,-0.01,-0.01,+0.00,LLLLLLLLLL,LLLLL
735,2025-12-01 19:02:07,000,+14.394,+66.356,+18.845,+21.520,+0.1,+0.01,+0.01,+0.01,+0.01,+0.01,LLLLLLLLLL,LLLLL
736,2025-12-01 19:12:07,000,+14.131,+66.800,+18.690,+21.510,+0.1,+0.00,+0.00,+0.00,-0.01,-0.01,LLLLLLLLLL,LLLLL
737,2025-12-01 19:22:07,000,+13.881,+67.150,+18.575,+21.510,+0.2,+0.00,+0.00,+0.00,+0.00,+0.00,LLLLLLLLLL,LLLLL
738,2025-12-01 19:32:07,000,+13.687,+67.400,+18.475,+21.500,+0.1,+0.00,+0.00,+0.00,+0.00,+0.00,LLLLLLLLLL,LLLLL
739,2025-12-01 19:42:07,000,+13.500,+67.756,+18.335,+21.510,+0.0,+0.00,+0.00,+0.00,+0.00,+0.00,LLLLLLLLLL,LLLLL
740,2025-12-01 19:52:07,000,+13.363,+68.069,+18.250,+21.500,+0.1,+0.00,+0.00,+0.00,+0.00,+0.00,LLLLLLLLLL,LLLLL
741,2025-12-01 20:02:07,000,+13.219,+68.231,+18.120,+21.500,+0.0,-0.01,-0.01,-0.01,-0.01,-0.01,LLLLLLLLLL,LLLLL
742,2025-12-01 20:12:07,000,+13.088,+68.263,+18.005,+21.470,+0.2,+0.00,+0.00,+0.00,+0.00,+0.00,LLLLLLLLLL,LLLLL
743,2025-12-01 20:22:07,000,+12.950,+68.456,+17.885,+21.450,+0.1,+0.00,+0.00,+0.00,+0.00,+0.00,LLLLLLLLLL,LLLLL
744,2025-12-01 20:32:07,000,+12.881,+68.781,+17.805,+21.430,+0.1,+0.00,+0.00,+0.00,+0.00,+0.00,LLLLLLLLLL,LLLLL
745,2025-12-01 20:42:07,000,+12.806,+69.412,+17.695,+21.420,+0.1,+0.00,+0.00,+0.00,+0.00,+0.00,LLLLLLLLLL,LLLLL
746,2025-12-01 20:52:07,000,+12.725,+69.719,+17.620,+21.420,+0.1,+0.00,+0.00,+0.01,+0.00,+0.00,LLLLLLLLLL,LLLLL
747,2025-12-01 21:02:07,000,+12.663,+69.800,+17.520,+21.410,+0.0,-0.01,+0.00,-0.01,-0.01,-0.01,LLLLLLLLLL,LLLLL
748,2025-12-01 21:12:07,000,+12.588,+73.019,+17.440,+21.360,+0.0,+0.00,+0.00,+0.00,+0.00,+0.00,LLLLLLLLLL,LLLLL
749,2025-12-01 21:22:07,000,+12.525,+74.056,+17.320,+21.350,+0.0,+0.00,+0.00,+0.00,+0.01,+0.00,LLLLLLLLLL,LLLLL
750,2025-12-01 21:32:07,000,+12.450,+74.088,+17.235,+21.270,+0.1,+0.00,+0.00,+0.00,+0.00,+0.00,LLLLLLLLLL,LLLLL
751,2025-12-01 21:42:07,000,+12.375,+74.031,+17.100,+21.260,+0.1,+0.00,+0.01,+0.00,+0.00,+0.00,LLLLLLLLLL,LLLLL
752,2025-12-01 21:52:07,000,+12.281,+73.988,+17.010,+21.270,+0.1,+0.00,+0.01,+0.01,+0.00,+0.01,LLLLLLLLLL,LLLLL
753,2025-12-01 22:02:07,000,+12.150,+73.950,+16.880,+21.260,+0.0,-0.01,-0.01,-0.01,-0.01,+0.00,LLLLLLLLLL,LLLLL
754,2025-12-01 22:12:07,000,+12.037,+73.962,+16.795,+21.260,+0.0,+0.00,+0.00,+0.01,+0.01,+0.00,LLLLLLLLLL,LLLLL
755,2025-12-01 22:22:07,000,+11.937,+73.950,+16.680,+21.270,+0.0,-0.01,+0.00,+0.00,-0.01,+0.00,LLLLLLLLLL,LLLLL
756,2025-12-01 22:32:07,000,+11.850,+73.988,+16.605,+21.260,+0.0,+0.01,+0.00,+0.01,+0.00,+0.01,LLLLLLLLLL,LLLLL
757,2025-12-01 22:42:07,000,+11.781,+74.062,+16.555,+21.260,+0.2,+0.00,+0.00,+0.00,+0.00,+0.01,LLLLLLLLLL,LLLLL
758,2025-12-01 22:52:07,000,+11.700,+74.094,+16.435,+21.220,+0.0,+0.01,+0.01,+0.00,+0.01,+0.01,LLLLLLLLLL,LLLLL
759,2025-12-01 23:02:07,000,+11.650,+74.062,+16.355,+21.180,+0.0,-0.01,-0.01,+0.00,-0.01,-0.01,LLLLLLLLLL,LLLLL
760,2025-12-01 23:12:07,000,+11.563,+74.056,+16.235,+21.170,+0.0,+0.00,+0.01,+0.01,+0.01,+0.01,LLLLLLLLLL,LLLLL
761,2025-12-01 23:22:07,000,+11.444,+74.069,+16.195,+21.180,+0.2,-0.01,+0.00,+0.00,-0.01,+0.00,LLLLLLLLLL,LLLLL
762,2025-12-01 23:32:07,000,+11.344,+74.138,+16.070,+21.170,+0.0,+0.01,+0.00,+0.01,+0.00,+0.00,LLLLLLLLLL,LLLLL
763,2025-12-01 23:42:07,000,+11.288,+74.156,+16.010,+21.120,+0.0,+0.01,+0.00,+0.00,+0.01,+0.01,LLLLLLLLLL,LLLLL
764,2025-12-01 23:52:07,000,+11.206,+74.094,+15.950,+21.110,+0.1,+0.00,+0.00,+0.00,+0.00,+0.00,LLLLLLLLLL,LLLLL
765,2025-12-02 00:02:07,000,+11.100,+74.138,+15.870,+21.090,+0.1,+0.00,+0.00,+0.00,+0.00,+0.00,LLLLLLLLLL,LLLLL
766,2025-12-02 00:12:07,000,+11.025,+74.125,+15.795,+21.090,+0.2,+0.01,+0.01,+0.00,+0.01,+0.01,LLLLLLLLLL,LLLLL
767,2025-12-02 00:22:07,000,+10.931,+74.056,+15.745,+21.090,+0.1,+0.01,+0.01,+0.01,+0.01,+0.01,LLLLLLLLLL,LLLLL
768,2025-12-02 00:32:07,000,+10.806,+74.013,+15.630,+21.090,+0.1,+0.00,+0.00,+0.00,+0.00,+0.00,LLLLLLLLLL,LLLLL
769,2025-12-02 00:42:07,000,+10.681,+73.994,+15.550,+21.090,+0.1,+0.00,+0.00,+0.00,+0.00,+0.00,LLLLLLLLLL,LLLLL
770,2025-12-02 00:52:07,000,+10.575,+73.956,+15.430,+21.070,+0.1,+0.00,+0.00,+0.00,+0.00,+0.00,LLLLLLLLLL,LLLLL
771,2025-12-02 01:02:07,000,+10.431,+73.950,+15.385,+21.050,+0.1,+0.00,+0.00,+0.00,+0.00,+0.00,LLLLLLLLLL,LLLLL
772,2025-12-02 01:12:07,000,+10.319,+73.956,+15.290,+21.060,-0.2,+0.00,+0.00,+0.00,+0.00,+0.00,LLLLLLLLLL,LLLLL
773,2025-12-02 01:22:07,000,+10.206,+73.950,+15.185,+21.030,+0.1,+0.00,+0.00,-0.01,+0.00,+0.00,LLLLLLLLLL,LLLLL
774,2025-12-02 01:32:07,000,+10.112,+73.950,+15.110,+21.010,+0.1,+0.00,+0.00,+0.00,+0.00,+0.00,LLLLLLLLLL,LLLLL
775,2025-12-02 01:42:07,000,+9.994,+73.975,+14.980,+21.000,+0.1,+0.00,+0.00,+0.00,+0.00,+0.00,LLLLLLLLLL,LLLLL
776,2025-12-02 01:52:07,000,+9.912,+74.031,+14.905,+21.000,+0.1,+0.00,+0.00,+0.00,+0.00,+0.00,LLLLLLLLLL,LLLLL
777,2025-12-02 02:02:07,000,+9.812,+74.025,+14.800,+21.000,+0.1,+0.01,+0.01,+0.01,+0.01,+0.01,LLLLLLLLLL,LLLLL
778,2025-12-02 02:12:07,000,+9.750,+74.056,+14.715,+21.000,+0.0,+0.00,+0.00,+0.00,+0.00,+0.00,LLLLLLLLLL,LLLLL
779,2025-12-02 02:22:07,000,+9.650,+74.025,+14.610,+20.990,+0.0,+0.00,+0.00,+0.01,+0.00,+0.00,LLLLLLLLLL,LLLLL
780,2025-12-02 02:32:07,000,+9.544,+74.025,+14.540,+21.000,+0.1,+0.00,+0.00,+0.00,+0.00,+0.00,LLLLLLLLLL,LLLLL
781,2025-12-02 02:42:07,000,+9.438,+74.037,+14.425,+21.000,+0.0,+0.00,+0.00,+0.00,+0.00,+0.00,LLLLLLLLLL,LLLLL
782,2025-12-02 02:52:07,000,+9.338,+74.094,+14.340,+21.000,+0.1,+0.00,+0.00,+0.00,+0.00,+0.00,LLLLLLLLLL,LLLLL
783,2025-12-02 03:02:07,000,+9.250,+74.138,+14.230,+21.000,+0.1,-0.01,-0.01,-0.01,-0.01,-0.01,LLLLLLLLLL,LLLLL
784,2025-12-02 03:12:07,000,+9.163,+74.169,+14.180,+21.000,+0.1,-0.01,-0.01,-0.01,-0.01,-0.01,LLLLLLLLLL,LLLLL
785,2025-12-02 03:22:07,000,+9.062,+74.175,+14.100,+21.000,+0.1,-0.01,-0.01,-0.01,-0.01,-0.01,LLLLLLLLLL,LLLLL
786,2025-12-02 03:32:07,000,+8.969,+74.225,+13.975,+20.990,+0.1,+0.00,+0.00,+0.00,+0.01,+0.00,LLLLLLLLLL,LLLLL
787,2025-12-02 03:42:07,000,+8.919,+74.256,+13.905,+20.970,+0.0,+0.00,+0.01,+0.00,+0.00,+0.00,LLLLLLLLLL,LLLLL
788,2025-12-02 03:52:07,000,+8.844,+74.319,+13.785,+20.960,+0.0,+0.00,+0.01,+0.01,+0.00,+0.00,LLLLLLLLLL,LLLLL
789,2025-12-02 04:02:07,000,+8.781,+74.275,+13.735,+20.910,+0.0,-0.01,-0.01,-0.01,-0.01,-0.01,LLLLLLLLLL,LLLLL
790,2025-12-02 04:12:07,000,+8.675,+74.294,+13.660,+20.910,+0.0,-0.01,-0.01,-0.01,-0.01,-0.01,LLLLLLLLLL,LLLLL
791,2025-12-02 04:22:07,000,+8.569,+74.362,+13.555,+20.910,+0.0,-0.01,-0.01,-0.01,-0.01,-0.01,LLLLLLLLLL,LLLLL
792,2025-12-02 04:32:07,000,+8.519,+74.481,+13.500,+20.910,+0.0,+0.00,+0.00,+0.00,+0.00,+0.00,LLLLLLLLLL,LLLLL
793,2025-12-02 04:42:07,000,+8.450,+74.513,+13.395,+20.920,+0.0,+0.00,+0.00,+0.01,+0.00,+0.00,LLLLLLLLLL,LLLLL
794,2025-12-02 04:52:07,000,+8.375,+74.662,+13.340,+20.910,+0.1,+0.00,+0.01,+0.00,+0.00,+0.00,LLLLLLLLLL,LLLLL
795,2025-12-02 05:02:07,000,+8.350,+74.744,+13.255,+20.880,+0.1,-0.01,-0.01,+0.00,+0.00,-0.01,LLLLLLLLLL,LLLLL
796,2025-12-02 05:12:07,000,+8.300,+74.925,+13.165,+20.840,+0.0,+0.01,+0.00,+0.00,+0.01,+0.00,LLLLLLLLLL,LLLLL
797,2025-12-02 05:22:07,000,+8.288,+74.900,+13.100,+20.800,+0.0,+0.01,+0.01,+0.00,+0.00,+0.00,LLLLLLLLLL,LLLLL
798,2025-12-02 05:32:07,000,+8.281,+74.850,+13.055,+20.770,+0.1,+0.00,+0.00,+0.00,+0.00,+0.01,LLLLLLLLLL,LLLLL
799,2025-12-02 05:42:07,000,+8.212,+74.788,+12.970,+20.760,+0.1,+0.00,+0.01,+0.00,+0.00,+0.00,LLLLLLLLLL,LLLLL
800,2025-12-02 05:52:07,000,+8.156,+74.781,+12.895,+20.740,+0.0,+0.00,+0.00,+0.01,+0.00,+0.01,LLLLLLLLLL,LLLLL
801,2025-12-02 06:02:07,000,+8.081,+74.781,+12.855,+20.760,+0.0,-0.01,-0.01,+0.00,+0.00,-0.01,LLLLLLLLLL,LLLLL
802,2025-12-02 06:12:07,000,+8.000,+74.775,+12.760,+20.750,+0.1,+0.01,+0.00,+0.00,+0.00,+0.00,LLLLLLLLLL,LLLLL
803,2025-12-02 06:22:07,000,+7.931,+74.869,+12.690,+20.740,+0.2,+0.00,+0.01,+0.00,+0.00,+0.01,LLLLLLLLLL,LLLLL
804,2025-12-02 06:32:07,000,+7.931,+75.094,+12.655,+20.750,+0.6,-0.01,+0.00,-0.01,-0.01,-0.01,LLLLLLLLLL,LLLLL
805,2025-12-02 06:42:07,000,+8.056,+75.612,+12.610,+20.730,+1.5,+0.00,+0.01,+0.01,+0.00,+0.00,LLLLLLLLLL,LLLLL
806,2025-12-02 06:52:07,000,+8.300,+76.081,+12.585,+20.730,+3.4,+0.00,-0.01,+0.00,-0.01,-0.01,LLLLLLLLLL,LLLLL
807,2025-12-02 07:02:07,000,+8.612,+76.269,+12.555,+20.710,+7.4,-0.01,-0.01,-0.01,-0.01,+0.00,LLLLLLLLLL,LLLLL
808,2025-12-02 07:12:07,000,+8.938,+76.256,+12.620,+20.770,+15.1,-0.01,-0.01,-0.01,-0.01,-0.01,LLLLLLLLLL,LLLLL
809,2025-12-02 07:22:07,000,+9.375,+76.494,+12.660,+20.770,+11.8,+0.00,+0.00,+0.00,+0.00,+0.00,LLLLLLLLLL,LLLLL
810,2025-12-02 07:32:07,000,+9.844,+76.750,+12.710,+20.780,+12.1,+0.00,+0.00,+0.00,+0.00,+0.00,LLLLLLLLLL,LLLLL
811,2025-12-02 07:42:07,000,+10.331,+76.950,+12.755,+20.790,+16.8,+0.00,+0.00,+0.00,+0.00,+0.00,LLLLLLLLLL,LLLLL
812,2025-12-02 07:52:07,000,+10.881,+77.294,+12.875,+20.790,+17.6,+0.00,+0.00,+0.00,+0.00,-0.01,LLLLLLLLLL,LLLLL
813,2025-12-02 08:02:07,000,+11.525,+77.656,+12.960,+20.800,+37.2,+0.00,-0.01,-0.01,-0.01,-0.01,LLLLLLLLLL,LLLLL
814,2025-12-02 08:12:07,000,+12.469,+78.000,+13.135,+20.840,+48.2,-0.01,-0.01,-0.01,-0.01,+0.00,LLLLLLLLLL,LLLLL
815,2025-12-02 08:22:07,000,+13.575,+78.250,+13.340,+20.860,+40.8,+0.00,+0.00,+0.00,+0.00,+0.00,LLLLLLLLLL,LLLLL
816,2025-12-02 08:32:07,000,+14.756,+78.519,+13.560,+20.850,+43.4,+0.00,-0.01,+0.00,+0.00,+0.00,LLLLLLLLLL,LLLLL
817,2025-12-02 08:42:07,000,+15.888,+78.763,+13.810,+20.850,+40.8,+0.00,-0.01,-0.01,-0.01,-0.01,LLLLLLLLLL,LLLLL
818,2025-12-02 08:52:07,000,+16.850,+78.669,+14.035,+20.850,+26.6,-0.01,-0.01,-0.01,-0.01,-0.01,LLLLLLLLLL,LLLLL
819,2025-12-02 09:02:07,000,+17.531,+78.100,+14.195,+20.860,+36.9,+0.01,+0.00,+0.01,+0.01,+0.01,LLLLLLLLLL,LLLLL
820,2025-12-02 09:12:07,000,+18.094,+77.356,+14.380,+20.920,+72.0,+0.01,+0.01,+0.01,+0.00,+0.01,LLLLLLLLLL,LLLLL
821,2025-12-02 09:22:07,000,+18.806,+76.537,+14.625,+21.030,+39.5,+0.00,+0.01,+0.00,+0.00,+0.01,LLLLLLLLLL,LLLLL
822,2025-12-02 09:32:07,000,+19.375,+75.325,+14.810,+21.030,+29.6,-0.01,-0.01,-0.01,-0.01,-0.01,LLLLLLLLLL,LLLLL
823,2025-12-02 09:42:07,000,+19.681,+74.431,+14.925,+21.140,+23.6,+0.00,+0.00,+0.00,+0.00,+0.00,LLLLLLLLLL,LLLLL
824,2025-12-02 09:52:07,000,+19.812,+73.988,+15.040,+21.190,+32.6,+0.00,+0.00,+0.00,+0.00,+0.00,LLLLLLLLLL,LLLLL
825,2025-12-02 10:02:07,000,+19.888,+73.169,+15.160,+21.180,+42.0,-0.01,-0.01,-0.01,-0.01,-0.01,LLLLLLLLLL,LLLLL
826,2025-12-02 10:12:07,000,+20.044,+73.050,+15.280,+21.180,+42.8,+0.00,+0.00,+0.00,+0.00,+0.00,LLLLLLLLLL,LLLLL
827,2025-12-02 10:22:07,000,+20.269,+72.819,+15.440,+21.190,+36.6,+0.00,+0.00,+0.00,+0.00,+0.00,LLLLLLLLLL,LLLLL
828,2025-12-02 10:32:07,000,+20.513,+72.425,+15.610,+21.250,+47.4,+0.00,+0.00,+0.00,+0.00,+0.00,LLLLLLLLLL,LLLLL
829,2025-12-02 10:42:07,000,+20.825,+72.381,+15.735,+21.260,+43.2,+0.00,-0.01,+0.00,+0.00,-0.01,LLLLLLLLLL,LLLLL
830,2025-12-02 10:52:07,000,+21.163,+72.306,+15.890,+21.280,+49.2,-0.01,+0.00,+0.00,+0.00,+0.00,LLLLLLLLLL,LLLLL
831,2025-12-02 11:02:07,000,+21.550,+64.869,+16.095,+21.280,+66.9,+0.00,-0.01,+0.00,+0.00,+0.00,LLLLLLLLLL,LLLLL
832,2025-12-02 11:12:07,000,+22.019,+64.812,+16.290,+21.340,+31.4,-0.01,-0.01,-0.01,-0.01,+0.00,LLLLLLLLLL,LLLLL
833,2025-12-02 11:22:07,000,+22.412,+64.687,+16.460,+21.370,+81.6,-0.01,-0.01,-0.01,-0.01,+0.00,LLLLLLLLLL,LLLLL
834,2025-12-02 11:32:07,000,+22.987,+64.725,+16.695,+21.390,+110.8,+0.00,+0.00,+0.00,+0.00,+0.00,LLLLLLLLLL,LLLLL
835,2025-12-02 11:42:07,000,+23.925,+64.294,+16.980,+21.400,+103.0,+0.00,+0.00,+0.00,+0.00,+0.00,LLLLLLLLLL,LLLLL
836,2025-12-02 11:52:07,000,+24.825,+62.444,+17.285,+21.440,+112.9,-0.01,+0.00,-0.01,+0.00,+0.00,LLLLLLLLLL,LLLLL
